[*] Run ID 0: seed=0, split_index=0
    Starting now: 2026-01-31 15:27:10.027288
[*] Loaded dataset 'peptides-functional' from 'OGB':
  Data(edge_index=[2, 4773974], edge_attr=[4773974, 3], x=[2344859, 9], y=[15535, 10])
  undirected: True
  num graphs: 15535
  avg num_nodes/graph: 150
  num node features: 9
  num edge features: 3
  num classes: 10
Precomputing Positional Encoding statistics: ['RRWP'] for all graphs...
  ...estimated to be undirected: True
Done! Took 00:00:35.18
GraphGymModule(
  (model): GritTransformer(
    (encoder): FeatureEncoder(
      (node_encoder): AtomEncoder(
        (atom_embedding_list): ModuleList(
          (0): Embedding(119, 96)
          (1): Embedding(5, 96)
          (2-3): 2 x Embedding(12, 96)
          (4): Embedding(10, 96)
          (5-6): 2 x Embedding(6, 96)
          (7-8): 2 x Embedding(2, 96)
        )
      )
      (edge_encoder): BondEncoder(
        (bond_embedding_list): ModuleList(
          (0): Embedding(5, 96)
          (1): Embedding(6, 96)
          (2): Embedding(2, 96)
        )
      )
    )
    (rrwp_abs_encoder): RRWPLinearNodeEncoder(
      (fc): Linear(in_features=17, out_features=96, bias=False)
    )
    (rrwp_rel_encoder): RRWPLinearEdgeEncoder(pad_to_full_graph=True,fill_value=0.0,Linear(in_features=17, out_features=96, bias=False))
    (layers): Sequential(
      (0): GritTransformerLayer(in_channels=96, out_channels=96, heads=4, residual=True)
      [GritTransformerLayer(
        (act): ReLU()
        (attention): MultiHeadAttentionLayerGritSparse(
          (dropout): Dropout(p=0.5, inplace=False)
          (Q): Linear(in_features=96, out_features=96, bias=True)
          (K): Linear(in_features=96, out_features=96, bias=False)
          (E): Linear(in_features=96, out_features=192, bias=True)
          (V): Linear(in_features=96, out_features=96, bias=False)
          (act): ReLU()
        )
        (O_h): Linear(in_features=96, out_features=96, bias=True)
        (O_e): Linear(in_features=96, out_features=96, bias=True)
        (batch_norm1_h): BatchNorm1d(96, eps=1e-05, momentum=0.1, affine=True, track_running_stats=True)
        (batch_norm1_e): BatchNorm1d(96, eps=1e-05, momentum=0.1, affine=True, track_running_stats=True)
        (FFN_h_layer1): Linear(in_features=96, out_features=192, bias=True)
        (FFN_h_layer2): Linear(in_features=192, out_features=96, bias=True)
        (batch_norm2_h): BatchNorm1d(96, eps=1e-05, momentum=0.1, affine=True, track_running_stats=True)
      )]
      (1): GritTransformerLayer(in_channels=96, out_channels=96, heads=4, residual=True)
      [GritTransformerLayer(
        (act): ReLU()
        (attention): MultiHeadAttentionLayerGritSparse(
          (dropout): Dropout(p=0.5, inplace=False)
          (Q): Linear(in_features=96, out_features=96, bias=True)
          (K): Linear(in_features=96, out_features=96, bias=False)
          (E): Linear(in_features=96, out_features=192, bias=True)
          (V): Linear(in_features=96, out_features=96, bias=False)
          (act): ReLU()
        )
        (O_h): Linear(in_features=96, out_features=96, bias=True)
        (O_e): Linear(in_features=96, out_features=96, bias=True)
        (batch_norm1_h): BatchNorm1d(96, eps=1e-05, momentum=0.1, affine=True, track_running_stats=True)
        (batch_norm1_e): BatchNorm1d(96, eps=1e-05, momentum=0.1, affine=True, track_running_stats=True)
        (FFN_h_layer1): Linear(in_features=96, out_features=192, bias=True)
        (FFN_h_layer2): Linear(in_features=192, out_features=96, bias=True)
        (batch_norm2_h): BatchNorm1d(96, eps=1e-05, momentum=0.1, affine=True, track_running_stats=True)
      )]
      (2): GritTransformerLayer(in_channels=96, out_channels=96, heads=4, residual=True)
      [GritTransformerLayer(
        (act): ReLU()
        (attention): MultiHeadAttentionLayerGritSparse(
          (dropout): Dropout(p=0.5, inplace=False)
          (Q): Linear(in_features=96, out_features=96, bias=True)
          (K): Linear(in_features=96, out_features=96, bias=False)
          (E): Linear(in_features=96, out_features=192, bias=True)
          (V): Linear(in_features=96, out_features=96, bias=False)
          (act): ReLU()
        )
        (O_h): Linear(in_features=96, out_features=96, bias=True)
        (O_e): Linear(in_features=96, out_features=96, bias=True)
        (batch_norm1_h): BatchNorm1d(96, eps=1e-05, momentum=0.1, affine=True, track_running_stats=True)
        (batch_norm1_e): BatchNorm1d(96, eps=1e-05, momentum=0.1, affine=True, track_running_stats=True)
        (FFN_h_layer1): Linear(in_features=96, out_features=192, bias=True)
        (FFN_h_layer2): Linear(in_features=192, out_features=96, bias=True)
        (batch_norm2_h): BatchNorm1d(96, eps=1e-05, momentum=0.1, affine=True, track_running_stats=True)
      )]
      (3): GritTransformerLayer(in_channels=96, out_channels=96, heads=4, residual=True)
      [GritTransformerLayer(
        (act): ReLU()
        (attention): MultiHeadAttentionLayerGritSparse(
          (dropout): Dropout(p=0.5, inplace=False)
          (Q): Linear(in_features=96, out_features=96, bias=True)
          (K): Linear(in_features=96, out_features=96, bias=False)
          (E): Linear(in_features=96, out_features=192, bias=True)
          (V): Linear(in_features=96, out_features=96, bias=False)
          (act): ReLU()
        )
        (O_h): Linear(in_features=96, out_features=96, bias=True)
        (O_e): Linear(in_features=96, out_features=96, bias=True)
        (batch_norm1_h): BatchNorm1d(96, eps=1e-05, momentum=0.1, affine=True, track_running_stats=True)
        (batch_norm1_e): BatchNorm1d(96, eps=1e-05, momentum=0.1, affine=True, track_running_stats=True)
        (FFN_h_layer1): Linear(in_features=96, out_features=192, bias=True)
        (FFN_h_layer2): Linear(in_features=192, out_features=96, bias=True)
        (batch_norm2_h): BatchNorm1d(96, eps=1e-05, momentum=0.1, affine=True, track_running_stats=True)
      )]
    )
    (post_mp): GNNGraphHead(
      (layer_post_mp): MLP(
        (model): Sequential(
          (0): Linear(
            (model): Linear(96, 10, bias=True)
          )
        )
      )
    )
  )
)
accelerator: cuda:0
benchmark: False
best_by_loss: False
bn:
  eps: 1e-05
  mom: 0.1
cfg_dest: config.yaml
cfg_file: configs/GRIT/peptides-func-GRIT-RRWP.yaml
custom_metrics: []
dataset:
  cache_load: False
  cache_save: False
  dir: ./datasets
  edge_dim: 128
  edge_encoder: True
  edge_encoder_bn: False
  edge_encoder_name: Bond
  edge_encoder_num_types: 0
  edge_message_ratio: 0.8
  edge_negative_sampling_ratio: 1.0
  edge_train_mode: all
  encoder: True
  encoder_bn: True
  encoder_dim: 128
  encoder_name: db
  format: OGB
  label_column: none
  label_table: none
  location: local
  name: peptides-functional
  node_encoder: True
  node_encoder_bn: False
  node_encoder_name: Atom
  node_encoder_num_types: 0
  pe_transform_on_the_fly: False
  remove_feature: False
  resample_disjoint: False
  resample_negative: False
  shuffle_split: True
  slic_compactness: 10
  split: [0.8, 0.1, 0.1]
  split_dir: ./splits
  split_index: 0
  split_mode: standard
  task: graph
  task_type: classification_multilabel
  to_undirected: False
  transductive: False
  transform: none
  tu_simple: True
device: cuda:0
devices: 1
example_arg: example
example_group:
  example_arg: example
gnn:
  act: relu
  agg: add
  att_final_linear: False
  att_final_linear_bn: False
  att_heads: 1
  batchnorm: True
  clear_feature: True
  dim_edge: 96
  dim_inner: 96
  dropout: 0.0
  head: graph
  keep_edge: 0.5
  l2norm: True
  layer_type: generalconv
  layers_mp: 2
  layers_post_mp: 1
  layers_pre_mp: 0
  msg_direction: single
  normalize_adj: False
  residual: False
  self_msg: concat
  skip_every: 1
  stage_type: stack
gpu_mem: False
gt:
  attn:
    O_e: True
    act: relu
    clamp: 5.0
    deg_scaler: True
    edge_enhance: True
    full_attn: True
    fwl: False
    norm_e: True
    signed_sqrt: True
    sparse: False
    use: True
    use_bias: False
  attn_dropout: 0.5
  batch_norm: True
  bigbird:
    add_cross_attention: False
    attention_type: block_sparse
    block_size: 3
    chunk_size_feed_forward: 0
    hidden_act: relu
    is_decoder: False
    layer_norm_eps: 1e-06
    max_position_embeddings: 128
    num_random_blocks: 3
    use_bias: False
  bn_momentum: 0.1
  bn_no_runner: False
  dim_hidden: 96
  dropout: 0.0
  full_graph: True
  gamma: 1e-05
  layer_norm: False
  layer_type: GritTransformer
  layers: 4
  n_heads: 4
  pna_degrees: []
  residual: True
  update_e: True
loss:
  attention_improvement:
    enable: True
    tau: 0.2
    weight: 1.0
  structure_reconstruction:
    enable: False
    weight: 0.1
mem:
  inplace: False
metric_agg: argmax
metric_best: ap
mlflow:
  name: peptides-func-GRIT-RRWP
  project: Exp
  use: False
model:
  edge_decoding: dot
  graph_pooling: mean
  loss_fun: cross_entropy
  match_upper: True
  size_average: mean
  thresh: 0.5
  type: GritTransformer
name_tag: 
num_threads: 6
num_workers: 0
optim:
  base_lr: 0.0003
  batch_accumulation: 1
  clip_grad_norm: True
  early_stop_by_lr: False
  early_stop_by_perf: False
  lr_decay: 0.1
  max_epoch: 200
  min_lr: 0.0
  min_lr_mode: threshold
  momentum: 0.9
  num_cycles: 0.5
  num_warmup_epochs: 10
  optimizer: adamW
  reduce_factor: 0.5
  schedule_patience: 10
  scheduler: cosine_with_warmup
  steps: [30, 60, 90]
  stop_patience: 100
  weight_decay: 0.0
out_dir: results/peptides-func-GRIT-RRWP
posenc_ElstaticSE:
  dim_pe: 16
  enable: False
  kernel:
    times: []
    times_func: range(10)
  layers: 3
  model: none
  n_heads: 4
  pass_as_var: False
  post_layers: 0
  raw_norm_type: none
posenc_EquivStableLapPE:
  eigen:
    eigvec_norm: L2
    laplacian_norm: sym
    max_freqs: 10
  enable: False
  raw_norm_type: none
posenc_HKdiagSE:
  dim_pe: 16
  enable: False
  kernel:
    times: []
    times_func: 
  layers: 3
  model: none
  n_heads: 4
  pass_as_var: False
  post_layers: 0
  raw_norm_type: none
posenc_LapPE:
  dim_pe: 16
  eigen:
    eigvec_norm: L2
    laplacian_norm: sym
    max_freqs: 10
  enable: False
  layers: 3
  model: none
  n_heads: 4
  pass_as_var: False
  post_layers: 0
  raw_norm_type: none
posenc_RRWP:
  add_identity: True
  add_node_attr: False
  dim_pe: 16
  enable: True
  ksteps: 17
  layers: 3
  model: none
  n_heads: 4
  pass_as_var: False
  post_layers: 0
  raw_norm_type: none
  spd: False
posenc_RWSE:
  dim_pe: 16
  enable: False
  kernel:
    times: []
    times_func: 
  layers: 3
  model: none
  n_heads: 4
  pass_as_var: False
  post_layers: 0
  raw_norm_type: none
posenc_SignNet:
  dim_pe: 16
  eigen:
    eigvec_norm: L2
    laplacian_norm: sym
    max_freqs: 10
  enable: False
  layers: 3
  model: none
  n_heads: 4
  pass_as_var: False
  phi_hidden_dim: 64
  phi_out_dim: 4
  post_layers: 0
  raw_norm_type: none
pretrained:
  dir: 
  freeze_main: False
  reset_prediction_head: True
print: both
round: 5
run_dir: results/peptides-func-GRIT-RRWP/0
run_id: 0
run_multiple_splits: []
seed: 0
share:
  dim_in: 9
  dim_out: 10
  num_splits: 3
tensorboard_agg: True
tensorboard_each_run: True
train:
  auto_resume: False
  batch_size: 16
  ckpt_best: True
  ckpt_clean: True
  ckpt_period: 100
  enable_ckpt: True
  epoch_resume: -1
  eval_period: 1
  iter_per_epoch: 32
  mode: custom
  neighbor_sizes: [20, 15, 10, 5]
  node_per_graph: 32
  radius: extend
  sample_node: False
  sampler: full_batch
  skip_train_eval: False
  walk_length: 4
val:
  node_per_graph: 32
  radius: extend
  sample_node: False
  sampler: full_batch
view_emb: False
wandb:
  entity: gtransformers
  name: 
  project: peptides-func
  use: False
work_dir: /home/sajan_rg/graphormer_eval/new_experiments/sota_architectures/GRIT
Num parameters: 443434
Start from epoch 0
train: {'epoch': 0, 'time_epoch': 236.03564, 'eta': 46971.09255, 'eta_hours': 13.04753, 'loss': 5.03832358, 'lr': 0.0, 'params': 443434, 'time_iter': 0.34711, 'accuracy': 0.16463, 'ap': 0.17002, 'auc': 0.51561}
...computing epoch stats took: 0.07s
val: {'epoch': 0, 'time_epoch': 12.25314, 'loss': 0.69745986, 'lr': 0, 'params': 443434, 'time_iter': 0.08393, 'accuracy': 0.16482, 'ap': 0.17571, 'auc': 0.52322}
...computing epoch stats took: 0.03s
test: {'epoch': 0, 'time_epoch': 12.3275, 'loss': 0.69788165, 'lr': 0, 'params': 443434, 'time_iter': 0.08443, 'accuracy': 0.16465, 'ap': 0.17194, 'auc': 0.51829}
...computing epoch stats took: 0.02s
> Epoch 0: took 260.8s (avg 260.8s) | Best so far: epoch 0	train_loss: 5.0383 train_ap: 0.1700	val_loss: 0.6975 val_ap: 0.1757	test_loss: 0.6979 test_ap: 0.1719
-----------------------------------------------------------
train: {'epoch': 1, 'time_epoch': 226.59792, 'eta': 45800.72286, 'eta_hours': 12.72242, 'loss': 3.48590703, 'lr': 3e-05, 'params': 443434, 'time_iter': 0.33323, 'accuracy': 0.16463, 'ap': 0.18214, 'auc': 0.53288}
...computing epoch stats took: 0.05s
val: {'epoch': 1, 'time_epoch': 11.95243, 'loss': 0.59518854, 'lr': 0, 'params': 443434, 'time_iter': 0.08187, 'accuracy': 0.16482, 'ap': 0.20006, 'auc': 0.56825}
...computing epoch stats took: 0.02s
test: {'epoch': 1, 'time_epoch': 11.9052, 'loss': 0.59194585, 'lr': 0, 'params': 443434, 'time_iter': 0.08154, 'accuracy': 0.16465, 'ap': 0.20081, 'auc': 0.5778}
...computing epoch stats took: 0.02s
> Epoch 1: took 250.6s (avg 255.7s) | Best so far: epoch 1	train_loss: 3.4859 train_ap: 0.1821	val_loss: 0.5952 val_ap: 0.2001	test_loss: 0.5919 test_ap: 0.2008
-----------------------------------------------------------
train: {'epoch': 2, 'time_epoch': 220.08664, 'eta': 44831.9604, 'eta_hours': 12.45332, 'loss': 2.08853605, 'lr': 6e-05, 'params': 443434, 'time_iter': 0.32366, 'accuracy': 0.16463, 'ap': 0.19892, 'auc': 0.57707}
...computing epoch stats took: 0.03s
val: {'epoch': 2, 'time_epoch': 11.77076, 'loss': 0.56332599, 'lr': 0, 'params': 443434, 'time_iter': 0.08062, 'accuracy': 0.16482, 'ap': 0.21454, 'auc': 0.57996}
...computing epoch stats took: 0.02s
test: {'epoch': 2, 'time_epoch': 11.91534, 'loss': 0.56169868, 'lr': 0, 'params': 443434, 'time_iter': 0.08161, 'accuracy': 0.16465, 'ap': 0.21337, 'auc': 0.58637}
...computing epoch stats took: 0.02s
> Epoch 2: took 243.9s (avg 251.7s) | Best so far: epoch 2	train_loss: 2.0885 train_ap: 0.1989	val_loss: 0.5633 val_ap: 0.2145	test_loss: 0.5617 test_ap: 0.2134
-----------------------------------------------------------
train: {'epoch': 3, 'time_epoch': 228.37553, 'eta': 44643.69139, 'eta_hours': 12.40103, 'loss': 1.86555837, 'lr': 9e-05, 'params': 443434, 'time_iter': 0.33585, 'accuracy': 0.16463, 'ap': 0.21722, 'auc': 0.58871}
val: {'epoch': 3, 'time_epoch': 11.94948, 'loss': 0.48930783, 'lr': 0, 'params': 443434, 'time_iter': 0.08185, 'accuracy': 0.16482, 'ap': 0.23074, 'auc': 0.59139}
test: {'epoch': 3, 'time_epoch': 11.89566, 'loss': 0.48810625, 'lr': 0, 'params': 443434, 'time_iter': 0.08148, 'accuracy': 0.16465, 'ap': 0.22339, 'auc': 0.59343}
> Epoch 3: took 252.3s (avg 251.9s) | Best so far: epoch 3	train_loss: 1.8656 train_ap: 0.2172	val_loss: 0.4893 val_ap: 0.2307	test_loss: 0.4881 test_ap: 0.2234
-----------------------------------------------------------
train: {'epoch': 4, 'time_epoch': 220.14323, 'eta': 44118.32004, 'eta_hours': 12.25509, 'loss': 1.69045951, 'lr': 0.00012, 'params': 443434, 'time_iter': 0.32374, 'accuracy': 0.16463, 'ap': 0.25325, 'auc': 0.61042}
val: {'epoch': 4, 'time_epoch': 11.76223, 'loss': 0.35013054, 'lr': 0, 'params': 443434, 'time_iter': 0.08056, 'accuracy': 0.16482, 'ap': 0.28378, 'auc': 0.61676}
test: {'epoch': 4, 'time_epoch': 11.89757, 'loss': 0.35036114, 'lr': 0, 'params': 443434, 'time_iter': 0.08149, 'accuracy': 0.16465, 'ap': 0.2758, 'auc': 0.62118}
> Epoch 4: took 243.9s (avg 250.3s) | Best so far: epoch 4	train_loss: 1.6905 train_ap: 0.2532	val_loss: 0.3501 val_ap: 0.2838	test_loss: 0.3504 test_ap: 0.2758
-----------------------------------------------------------
train: {'epoch': 5, 'time_epoch': 220.1181, 'eta': 43693.87893, 'eta_hours': 12.13719, 'loss': 1.59532143, 'lr': 0.00015, 'params': 443434, 'time_iter': 0.3237, 'accuracy': 0.16463, 'ap': 0.27563, 'auc': 0.65453}
val: {'epoch': 5, 'time_epoch': 11.76428, 'loss': 0.31458555, 'lr': 0, 'params': 443434, 'time_iter': 0.08058, 'accuracy': 0.16482, 'ap': 0.31168, 'auc': 0.70041}
test: {'epoch': 5, 'time_epoch': 11.90378, 'loss': 0.3129021, 'lr': 0, 'params': 443434, 'time_iter': 0.08153, 'accuracy': 0.16465, 'ap': 0.30754, 'auc': 0.71264}
> Epoch 5: took 243.9s (avg 249.2s) | Best so far: epoch 5	train_loss: 1.5953 train_ap: 0.2756	val_loss: 0.3146 val_ap: 0.3117	test_loss: 0.3129 test_ap: 0.3075
-----------------------------------------------------------
train: {'epoch': 6, 'time_epoch': 220.06044, 'eta': 43326.22604, 'eta_hours': 12.03506, 'loss': 1.5688451, 'lr': 0.00018, 'params': 443434, 'time_iter': 0.32362, 'accuracy': 0.16463, 'ap': 0.29992, 'auc': 0.70446}
val: {'epoch': 6, 'time_epoch': 11.76086, 'loss': 0.30143535, 'lr': 0, 'params': 443434, 'time_iter': 0.08055, 'accuracy': 0.16482, 'ap': 0.33301, 'auc': 0.72937}
test: {'epoch': 6, 'time_epoch': 11.89557, 'loss': 0.29944064, 'lr': 0, 'params': 443434, 'time_iter': 0.08148, 'accuracy': 0.16465, 'ap': 0.33351, 'auc': 0.7433}
> Epoch 6: took 243.8s (avg 248.4s) | Best so far: epoch 6	train_loss: 1.5688 train_ap: 0.2999	val_loss: 0.3014 val_ap: 0.3330	test_loss: 0.2994 test_ap: 0.3335
-----------------------------------------------------------
train: {'epoch': 7, 'time_epoch': 220.20661, 'eta': 42998.97925, 'eta_hours': 11.94416, 'loss': 1.55155605, 'lr': 0.00021, 'params': 443434, 'time_iter': 0.32383, 'accuracy': 0.16463, 'ap': 0.3295, 'auc': 0.73693}
val: {'epoch': 7, 'time_epoch': 11.77701, 'loss': 0.30883861, 'lr': 0, 'params': 443434, 'time_iter': 0.08066, 'accuracy': 0.16482, 'ap': 0.34887, 'auc': 0.73959}
test: {'epoch': 7, 'time_epoch': 11.90947, 'loss': 0.30653996, 'lr': 0, 'params': 443434, 'time_iter': 0.08157, 'accuracy': 0.16465, 'ap': 0.34995, 'auc': 0.74453}
> Epoch 7: took 244.0s (avg 247.9s) | Best so far: epoch 7	train_loss: 1.5516 train_ap: 0.3295	val_loss: 0.3088 val_ap: 0.3489	test_loss: 0.3065 test_ap: 0.3499
-----------------------------------------------------------
train: {'epoch': 8, 'time_epoch': 220.53361, 'eta': 42702.45886, 'eta_hours': 11.86179, 'loss': 1.53844001, 'lr': 0.00024, 'params': 443434, 'time_iter': 0.32431, 'accuracy': 0.16463, 'ap': 0.35456, 'auc': 0.76134}
val: {'epoch': 8, 'time_epoch': 11.9869, 'loss': 0.27886273, 'lr': 0, 'params': 443434, 'time_iter': 0.0821, 'accuracy': 0.16482, 'ap': 0.39961, 'auc': 0.79135}
test: {'epoch': 8, 'time_epoch': 11.92929, 'loss': 0.28020113, 'lr': 0, 'params': 443434, 'time_iter': 0.08171, 'accuracy': 0.16465, 'ap': 0.39061, 'auc': 0.79091}
> Epoch 8: took 244.6s (avg 247.5s) | Best so far: epoch 8	train_loss: 1.5384 train_ap: 0.3546	val_loss: 0.2789 val_ap: 0.3996	test_loss: 0.2802 test_ap: 0.3906
-----------------------------------------------------------
train: {'epoch': 9, 'time_epoch': 234.85532, 'eta': 42693.24825, 'eta_hours': 11.85924, 'loss': 1.52915382, 'lr': 0.00027, 'params': 443434, 'time_iter': 0.34538, 'accuracy': 0.16463, 'ap': 0.37282, 'auc': 0.77805}
val: {'epoch': 9, 'time_epoch': 11.95722, 'loss': 0.27469843, 'lr': 0, 'params': 443434, 'time_iter': 0.0819, 'accuracy': 0.16482, 'ap': 0.40492, 'auc': 0.79752}
test: {'epoch': 9, 'time_epoch': 11.8924, 'loss': 0.2799982, 'lr': 0, 'params': 443434, 'time_iter': 0.08145, 'accuracy': 0.16465, 'ap': 0.38807, 'auc': 0.79362}
> Epoch 9: took 258.8s (avg 248.6s) | Best so far: epoch 9	train_loss: 1.5292 train_ap: 0.3728	val_loss: 0.2747 val_ap: 0.4049	test_loss: 0.2800 test_ap: 0.3881
-----------------------------------------------------------
train: {'epoch': 10, 'time_epoch': 219.96824, 'eta': 42387.22419, 'eta_hours': 11.77423, 'loss': 1.52108187, 'lr': 0.0003, 'params': 443434, 'time_iter': 0.32348, 'accuracy': 0.16463, 'ap': 0.3836, 'auc': 0.78749}
val: {'epoch': 10, 'time_epoch': 11.76517, 'loss': 0.26723867, 'lr': 0, 'params': 443434, 'time_iter': 0.08058, 'accuracy': 0.16482, 'ap': 0.42705, 'auc': 0.81555}
test: {'epoch': 10, 'time_epoch': 11.90219, 'loss': 0.27036418, 'lr': 0, 'params': 443434, 'time_iter': 0.08152, 'accuracy': 0.16465, 'ap': 0.41181, 'auc': 0.80939}
> Epoch 10: took 243.7s (avg 248.2s) | Best so far: epoch 10	train_loss: 1.5211 train_ap: 0.3836	val_loss: 0.2672 val_ap: 0.4270	test_loss: 0.2704 test_ap: 0.4118
-----------------------------------------------------------
train: {'epoch': 11, 'time_epoch': 220.28801, 'eta': 42100.5526, 'eta_hours': 11.6946, 'loss': 1.51441994, 'lr': 0.00029998, 'params': 443434, 'time_iter': 0.32395, 'accuracy': 0.16463, 'ap': 0.39443, 'auc': 0.79433}
val: {'epoch': 11, 'time_epoch': 11.77409, 'loss': 0.26221373, 'lr': 0, 'params': 443434, 'time_iter': 0.08064, 'accuracy': 0.16482, 'ap': 0.43931, 'auc': 0.81689}
test: {'epoch': 11, 'time_epoch': 11.90806, 'loss': 0.26584007, 'lr': 0, 'params': 443434, 'time_iter': 0.08156, 'accuracy': 0.16465, 'ap': 0.41442, 'auc': 0.81096}
> Epoch 11: took 244.1s (avg 247.9s) | Best so far: epoch 11	train_loss: 1.5144 train_ap: 0.3944	val_loss: 0.2622 val_ap: 0.4393	test_loss: 0.2658 test_ap: 0.4144
-----------------------------------------------------------
train: {'epoch': 12, 'time_epoch': 220.16009, 'eta': 41822.25375, 'eta_hours': 11.61729, 'loss': 1.50925077, 'lr': 0.00029992, 'params': 443434, 'time_iter': 0.32376, 'accuracy': 0.16463, 'ap': 0.40306, 'auc': 0.80105}
val: {'epoch': 12, 'time_epoch': 11.77422, 'loss': 0.25776472, 'lr': 0, 'params': 443434, 'time_iter': 0.08065, 'accuracy': 0.16482, 'ap': 0.4517, 'auc': 0.82283}
test: {'epoch': 12, 'time_epoch': 11.90675, 'loss': 0.26291109, 'lr': 0, 'params': 443434, 'time_iter': 0.08155, 'accuracy': 0.16465, 'ap': 0.42575, 'auc': 0.81619}
> Epoch 12: took 243.9s (avg 247.5s) | Best so far: epoch 12	train_loss: 1.5093 train_ap: 0.4031	val_loss: 0.2578 val_ap: 0.4517	test_loss: 0.2629 test_ap: 0.4258
-----------------------------------------------------------
train: {'epoch': 13, 'time_epoch': 220.22623, 'eta': 41553.13915, 'eta_hours': 11.54254, 'loss': 1.50474006, 'lr': 0.00029982, 'params': 443434, 'time_iter': 0.32386, 'accuracy': 0.16463, 'ap': 0.41134, 'auc': 0.80466}
val: {'epoch': 13, 'time_epoch': 11.77269, 'loss': 0.25169243, 'lr': 0, 'params': 443434, 'time_iter': 0.08063, 'accuracy': 0.16482, 'ap': 0.46325, 'auc': 0.83011}
test: {'epoch': 13, 'time_epoch': 11.90797, 'loss': 0.25653906, 'lr': 0, 'params': 443434, 'time_iter': 0.08156, 'accuracy': 0.16465, 'ap': 0.44514, 'auc': 0.82366}
> Epoch 13: took 244.0s (avg 247.3s) | Best so far: epoch 13	train_loss: 1.5047 train_ap: 0.4113	val_loss: 0.2517 val_ap: 0.4632	test_loss: 0.2565 test_ap: 0.4451
-----------------------------------------------------------
train: {'epoch': 14, 'time_epoch': 220.22059, 'eta': 41290.47344, 'eta_hours': 11.46958, 'loss': 1.50232563, 'lr': 0.00029967, 'params': 443434, 'time_iter': 0.32385, 'accuracy': 0.16463, 'ap': 0.41727, 'auc': 0.80779}
val: {'epoch': 14, 'time_epoch': 11.77398, 'loss': 0.25314195, 'lr': 0, 'params': 443434, 'time_iter': 0.08064, 'accuracy': 0.16482, 'ap': 0.47268, 'auc': 0.83254}
test: {'epoch': 14, 'time_epoch': 11.9066, 'loss': 0.2595309, 'lr': 0, 'params': 443434, 'time_iter': 0.08155, 'accuracy': 0.16465, 'ap': 0.44079, 'auc': 0.82095}
> Epoch 14: took 244.0s (avg 247.1s) | Best so far: epoch 14	train_loss: 1.5023 train_ap: 0.4173	val_loss: 0.2531 val_ap: 0.4727	test_loss: 0.2595 test_ap: 0.4408
-----------------------------------------------------------
train: {'epoch': 15, 'time_epoch': 220.27566, 'eta': 41033.74671, 'eta_hours': 11.39826, 'loss': 1.49778394, 'lr': 0.00029949, 'params': 443434, 'time_iter': 0.32393, 'accuracy': 0.16463, 'ap': 0.42081, 'auc': 0.81392}
val: {'epoch': 15, 'time_epoch': 11.77317, 'loss': 0.25235395, 'lr': 0, 'params': 443434, 'time_iter': 0.08064, 'accuracy': 0.16482, 'ap': 0.4731, 'auc': 0.83666}
test: {'epoch': 15, 'time_epoch': 11.90643, 'loss': 0.25523866, 'lr': 0, 'params': 443434, 'time_iter': 0.08155, 'accuracy': 0.16465, 'ap': 0.45189, 'auc': 0.83341}
> Epoch 15: took 244.0s (avg 246.9s) | Best so far: epoch 15	train_loss: 1.4978 train_ap: 0.4208	val_loss: 0.2524 val_ap: 0.4731	test_loss: 0.2552 test_ap: 0.4519
-----------------------------------------------------------
train: {'epoch': 16, 'time_epoch': 230.47683, 'eta': 40891.12091, 'eta_hours': 11.35864, 'loss': 1.49541912, 'lr': 0.00029926, 'params': 443434, 'time_iter': 0.33894, 'accuracy': 0.16463, 'ap': 0.42588, 'auc': 0.81651}
val: {'epoch': 16, 'time_epoch': 11.95476, 'loss': 0.25184479, 'lr': 0, 'params': 443434, 'time_iter': 0.08188, 'accuracy': 0.16482, 'ap': 0.46755, 'auc': 0.83269}
test: {'epoch': 16, 'time_epoch': 11.8911, 'loss': 0.2545545, 'lr': 0, 'params': 443434, 'time_iter': 0.08145, 'accuracy': 0.16465, 'ap': 0.44644, 'auc': 0.83189}
> Epoch 16: took 254.4s (avg 247.3s) | Best so far: epoch 15	train_loss: 1.4978 train_ap: 0.4208	val_loss: 0.2524 val_ap: 0.4731	test_loss: 0.2552 test_ap: 0.4519
-----------------------------------------------------------
train: {'epoch': 17, 'time_epoch': 219.99619, 'eta': 40632.76296, 'eta_hours': 11.28688, 'loss': 1.49156884, 'lr': 0.000299, 'params': 443434, 'time_iter': 0.32352, 'accuracy': 0.16463, 'ap': 0.43423, 'auc': 0.82249}
val: {'epoch': 17, 'time_epoch': 11.76202, 'loss': 0.24683239, 'lr': 0, 'params': 443434, 'time_iter': 0.08056, 'accuracy': 0.16482, 'ap': 0.49238, 'auc': 0.8441}
test: {'epoch': 17, 'time_epoch': 11.89606, 'loss': 0.25152032, 'lr': 0, 'params': 443434, 'time_iter': 0.08148, 'accuracy': 0.16465, 'ap': 0.47575, 'auc': 0.83836}
> Epoch 17: took 243.7s (avg 247.1s) | Best so far: epoch 17	train_loss: 1.4916 train_ap: 0.4342	val_loss: 0.2468 val_ap: 0.4924	test_loss: 0.2515 test_ap: 0.4758
-----------------------------------------------------------
train: {'epoch': 18, 'time_epoch': 220.23221, 'eta': 40380.69152, 'eta_hours': 11.21686, 'loss': 1.48832958, 'lr': 0.00029869, 'params': 443434, 'time_iter': 0.32387, 'accuracy': 0.16463, 'ap': 0.44348, 'auc': 0.82552}
val: {'epoch': 18, 'time_epoch': 11.77183, 'loss': 0.25007501, 'lr': 0, 'params': 443434, 'time_iter': 0.08063, 'accuracy': 0.16482, 'ap': 0.48735, 'auc': 0.84059}
test: {'epoch': 18, 'time_epoch': 11.90644, 'loss': 0.25619339, 'lr': 0, 'params': 443434, 'time_iter': 0.08155, 'accuracy': 0.16465, 'ap': 0.46535, 'auc': 0.83047}
> Epoch 18: took 244.0s (avg 247.0s) | Best so far: epoch 17	train_loss: 1.4916 train_ap: 0.4342	val_loss: 0.2468 val_ap: 0.4924	test_loss: 0.2515 test_ap: 0.4758
-----------------------------------------------------------
train: {'epoch': 19, 'time_epoch': 227.18933, 'eta': 40194.41804, 'eta_hours': 11.16512, 'loss': 1.48699297, 'lr': 0.00029834, 'params': 443434, 'time_iter': 0.3341, 'accuracy': 0.16463, 'ap': 0.4495, 'auc': 0.8286}
val: {'epoch': 19, 'time_epoch': 11.95429, 'loss': 0.24514721, 'lr': 0, 'params': 443434, 'time_iter': 0.08188, 'accuracy': 0.16482, 'ap': 0.48768, 'auc': 0.84685}
test: {'epoch': 19, 'time_epoch': 11.89169, 'loss': 0.25312804, 'lr': 0, 'params': 443434, 'time_iter': 0.08145, 'accuracy': 0.16465, 'ap': 0.46214, 'auc': 0.83718}
> Epoch 19: took 251.1s (avg 247.2s) | Best so far: epoch 17	train_loss: 1.4916 train_ap: 0.4342	val_loss: 0.2468 val_ap: 0.4924	test_loss: 0.2515 test_ap: 0.4758
-----------------------------------------------------------
train: {'epoch': 20, 'time_epoch': 219.94472, 'eta': 39942.49614, 'eta_hours': 11.09514, 'loss': 1.48404001, 'lr': 0.00029795, 'params': 443434, 'time_iter': 0.32345, 'accuracy': 0.16463, 'ap': 0.4562, 'auc': 0.83093}
val: {'epoch': 20, 'time_epoch': 11.75905, 'loss': 0.25234399, 'lr': 0, 'params': 443434, 'time_iter': 0.08054, 'accuracy': 0.16482, 'ap': 0.49558, 'auc': 0.84234}
test: {'epoch': 20, 'time_epoch': 11.89526, 'loss': 0.25764564, 'lr': 0, 'params': 443434, 'time_iter': 0.08147, 'accuracy': 0.16465, 'ap': 0.46842, 'auc': 0.83087}
> Epoch 20: took 243.7s (avg 247.0s) | Best so far: epoch 20	train_loss: 1.4840 train_ap: 0.4562	val_loss: 0.2523 val_ap: 0.4956	test_loss: 0.2576 test_ap: 0.4684
-----------------------------------------------------------
train: {'epoch': 21, 'time_epoch': 220.11573, 'eta': 39694.86489, 'eta_hours': 11.02635, 'loss': 1.48076058, 'lr': 0.00029753, 'params': 443434, 'time_iter': 0.3237, 'accuracy': 0.16463, 'ap': 0.46254, 'auc': 0.83473}
val: {'epoch': 21, 'time_epoch': 11.76921, 'loss': 0.24161171, 'lr': 0, 'params': 443434, 'time_iter': 0.08061, 'accuracy': 0.16482, 'ap': 0.50516, 'auc': 0.85296}
test: {'epoch': 21, 'time_epoch': 11.90195, 'loss': 0.24646383, 'lr': 0, 'params': 443434, 'time_iter': 0.08152, 'accuracy': 0.16465, 'ap': 0.48164, 'auc': 0.84477}
> Epoch 21: took 243.9s (avg 246.9s) | Best so far: epoch 21	train_loss: 1.4808 train_ap: 0.4625	val_loss: 0.2416 val_ap: 0.5052	test_loss: 0.2465 test_ap: 0.4816
-----------------------------------------------------------
train: {'epoch': 22, 'time_epoch': 220.18074, 'eta': 39450.12656, 'eta_hours': 10.95837, 'loss': 1.48060838, 'lr': 0.00029706, 'params': 443434, 'time_iter': 0.3238, 'accuracy': 0.16463, 'ap': 0.46561, 'auc': 0.83376}
val: {'epoch': 22, 'time_epoch': 11.76986, 'loss': 0.24092266, 'lr': 0, 'params': 443434, 'time_iter': 0.08062, 'accuracy': 0.16482, 'ap': 0.50966, 'auc': 0.85508}
test: {'epoch': 22, 'time_epoch': 11.90444, 'loss': 0.2468042, 'lr': 0, 'params': 443434, 'time_iter': 0.08154, 'accuracy': 0.16465, 'ap': 0.4771, 'auc': 0.84807}
> Epoch 22: took 243.9s (avg 246.7s) | Best so far: epoch 22	train_loss: 1.4806 train_ap: 0.4656	val_loss: 0.2409 val_ap: 0.5097	test_loss: 0.2468 test_ap: 0.4771
-----------------------------------------------------------
train: {'epoch': 23, 'time_epoch': 220.14303, 'eta': 39207.1582, 'eta_hours': 10.89088, 'loss': 1.47666619, 'lr': 0.00029655, 'params': 443434, 'time_iter': 0.32374, 'accuracy': 0.16463, 'ap': 0.47605, 'auc': 0.84159}
val: {'epoch': 23, 'time_epoch': 11.77052, 'loss': 0.242208, 'lr': 0, 'params': 443434, 'time_iter': 0.08062, 'accuracy': 0.16482, 'ap': 0.50883, 'auc': 0.85415}
test: {'epoch': 23, 'time_epoch': 11.90274, 'loss': 0.24834905, 'lr': 0, 'params': 443434, 'time_iter': 0.08153, 'accuracy': 0.16465, 'ap': 0.4807, 'auc': 0.84652}
> Epoch 23: took 243.9s (avg 246.6s) | Best so far: epoch 22	train_loss: 1.4806 train_ap: 0.4656	val_loss: 0.2409 val_ap: 0.5097	test_loss: 0.2468 test_ap: 0.4771
-----------------------------------------------------------
train: {'epoch': 24, 'time_epoch': 234.2471, 'eta': 39064.74432, 'eta_hours': 10.85132, 'loss': 1.47630276, 'lr': 0.000296, 'params': 443434, 'time_iter': 0.34448, 'accuracy': 0.16463, 'ap': 0.47715, 'auc': 0.83893}
val: {'epoch': 24, 'time_epoch': 11.94523, 'loss': 0.23441144, 'lr': 0, 'params': 443434, 'time_iter': 0.08182, 'accuracy': 0.16482, 'ap': 0.52397, 'auc': 0.8646}
test: {'epoch': 24, 'time_epoch': 11.89458, 'loss': 0.23861782, 'lr': 0, 'params': 443434, 'time_iter': 0.08147, 'accuracy': 0.16465, 'ap': 0.50172, 'auc': 0.8571}
> Epoch 24: took 258.2s (avg 247.1s) | Best so far: epoch 24	train_loss: 1.4763 train_ap: 0.4772	val_loss: 0.2344 val_ap: 0.5240	test_loss: 0.2386 test_ap: 0.5017
-----------------------------------------------------------
train: {'epoch': 25, 'time_epoch': 220.10922, 'eta': 38820.6513, 'eta_hours': 10.78351, 'loss': 1.47375058, 'lr': 0.00029541, 'params': 443434, 'time_iter': 0.32369, 'accuracy': 0.16463, 'ap': 0.48137, 'auc': 0.84236}
val: {'epoch': 25, 'time_epoch': 11.76311, 'loss': 0.23499223, 'lr': 0, 'params': 443434, 'time_iter': 0.08057, 'accuracy': 0.16482, 'ap': 0.5281, 'auc': 0.86303}
test: {'epoch': 25, 'time_epoch': 11.9009, 'loss': 0.24077872, 'lr': 0, 'params': 443434, 'time_iter': 0.08151, 'accuracy': 0.16465, 'ap': 0.49991, 'auc': 0.85432}
> Epoch 25: took 243.9s (avg 247.0s) | Best so far: epoch 25	train_loss: 1.4738 train_ap: 0.4814	val_loss: 0.2350 val_ap: 0.5281	test_loss: 0.2408 test_ap: 0.4999
-----------------------------------------------------------
train: {'epoch': 26, 'time_epoch': 225.29407, 'eta': 38611.55634, 'eta_hours': 10.72543, 'loss': 1.47251677, 'lr': 0.00029478, 'params': 443434, 'time_iter': 0.33131, 'accuracy': 0.16463, 'ap': 0.4853, 'auc': 0.8444}
val: {'epoch': 26, 'time_epoch': 11.94345, 'loss': 0.23154302, 'lr': 0, 'params': 443434, 'time_iter': 0.0818, 'accuracy': 0.16482, 'ap': 0.52816, 'auc': 0.86175}
test: {'epoch': 26, 'time_epoch': 11.88994, 'loss': 0.23919325, 'lr': 0, 'params': 443434, 'time_iter': 0.08144, 'accuracy': 0.16465, 'ap': 0.49623, 'auc': 0.85339}
> Epoch 26: took 249.2s (avg 247.0s) | Best so far: epoch 26	train_loss: 1.4725 train_ap: 0.4853	val_loss: 0.2315 val_ap: 0.5282	test_loss: 0.2392 test_ap: 0.4962
-----------------------------------------------------------
train: {'epoch': 27, 'time_epoch': 219.96418, 'eta': 38368.56353, 'eta_hours': 10.65793, 'loss': 1.46996568, 'lr': 0.00029411, 'params': 443434, 'time_iter': 0.32348, 'accuracy': 0.16463, 'ap': 0.49049, 'auc': 0.84544}
val: {'epoch': 27, 'time_epoch': 11.7588, 'loss': 0.23306418, 'lr': 0, 'params': 443434, 'time_iter': 0.08054, 'accuracy': 0.16482, 'ap': 0.52168, 'auc': 0.86226}
test: {'epoch': 27, 'time_epoch': 11.89596, 'loss': 0.23933702, 'lr': 0, 'params': 443434, 'time_iter': 0.08148, 'accuracy': 0.16465, 'ap': 0.50089, 'auc': 0.85297}
> Epoch 27: took 243.7s (avg 246.9s) | Best so far: epoch 26	train_loss: 1.4725 train_ap: 0.4853	val_loss: 0.2315 val_ap: 0.5282	test_loss: 0.2392 test_ap: 0.4962
-----------------------------------------------------------
train: {'epoch': 28, 'time_epoch': 230.98173, 'eta': 38192.12449, 'eta_hours': 10.60892, 'loss': 1.46873828, 'lr': 0.00029341, 'params': 443434, 'time_iter': 0.33968, 'accuracy': 0.16463, 'ap': 0.49255, 'auc': 0.85037}
val: {'epoch': 28, 'time_epoch': 11.94805, 'loss': 0.23140524, 'lr': 0, 'params': 443434, 'time_iter': 0.08184, 'accuracy': 0.16482, 'ap': 0.52995, 'auc': 0.86632}
test: {'epoch': 28, 'time_epoch': 11.89213, 'loss': 0.23843427, 'lr': 0, 'params': 443434, 'time_iter': 0.08145, 'accuracy': 0.16465, 'ap': 0.50128, 'auc': 0.85777}
> Epoch 28: took 254.9s (avg 247.2s) | Best so far: epoch 28	train_loss: 1.4687 train_ap: 0.4925	val_loss: 0.2314 val_ap: 0.5300	test_loss: 0.2384 test_ap: 0.5013
-----------------------------------------------------------
train: {'epoch': 29, 'time_epoch': 220.03644, 'eta': 37950.02595, 'eta_hours': 10.54167, 'loss': 1.46899886, 'lr': 0.00029266, 'params': 443434, 'time_iter': 0.32358, 'accuracy': 0.16463, 'ap': 0.49295, 'auc': 0.8469}
val: {'epoch': 29, 'time_epoch': 11.76135, 'loss': 0.23357224, 'lr': 0, 'params': 443434, 'time_iter': 0.08056, 'accuracy': 0.16482, 'ap': 0.52458, 'auc': 0.85871}
test: {'epoch': 29, 'time_epoch': 11.90037, 'loss': 0.23620782, 'lr': 0, 'params': 443434, 'time_iter': 0.08151, 'accuracy': 0.16465, 'ap': 0.50252, 'auc': 0.8566}
> Epoch 29: took 243.8s (avg 247.1s) | Best so far: epoch 28	train_loss: 1.4687 train_ap: 0.4925	val_loss: 0.2314 val_ap: 0.5300	test_loss: 0.2384 test_ap: 0.5013
-----------------------------------------------------------
train: {'epoch': 30, 'time_epoch': 220.19921, 'eta': 37710.23814, 'eta_hours': 10.47507, 'loss': 1.46709618, 'lr': 0.00029187, 'params': 443434, 'time_iter': 0.32382, 'accuracy': 0.16463, 'ap': 0.49426, 'auc': 0.85114}
val: {'epoch': 30, 'time_epoch': 11.85826, 'loss': 0.22650138, 'lr': 0, 'params': 443434, 'time_iter': 0.08122, 'accuracy': 0.16482, 'ap': 0.55013, 'auc': 0.86639}
test: {'epoch': 30, 'time_epoch': 11.89958, 'loss': 0.23479357, 'lr': 0, 'params': 443434, 'time_iter': 0.0815, 'accuracy': 0.16465, 'ap': 0.51427, 'auc': 0.86174}
> Epoch 30: took 244.0s (avg 247.0s) | Best so far: epoch 30	train_loss: 1.4671 train_ap: 0.4943	val_loss: 0.2265 val_ap: 0.5501	test_loss: 0.2348 test_ap: 0.5143
-----------------------------------------------------------
train: {'epoch': 31, 'time_epoch': 220.15408, 'eta': 37471.43764, 'eta_hours': 10.40873, 'loss': 1.46557701, 'lr': 0.00029105, 'params': 443434, 'time_iter': 0.32376, 'accuracy': 0.16463, 'ap': 0.49877, 'auc': 0.85272}
val: {'epoch': 31, 'time_epoch': 11.77028, 'loss': 0.23439455, 'lr': 0, 'params': 443434, 'time_iter': 0.08062, 'accuracy': 0.16482, 'ap': 0.52868, 'auc': 0.86068}
test: {'epoch': 31, 'time_epoch': 11.90108, 'loss': 0.23971142, 'lr': 0, 'params': 443434, 'time_iter': 0.08151, 'accuracy': 0.16465, 'ap': 0.50257, 'auc': 0.85927}
> Epoch 31: took 243.9s (avg 246.9s) | Best so far: epoch 30	train_loss: 1.4671 train_ap: 0.4943	val_loss: 0.2265 val_ap: 0.5501	test_loss: 0.2348 test_ap: 0.5143
-----------------------------------------------------------
train: {'epoch': 32, 'time_epoch': 220.14833, 'eta': 37233.73816, 'eta_hours': 10.34271, 'loss': 1.45955364, 'lr': 0.00029018, 'params': 443434, 'time_iter': 0.32375, 'accuracy': 0.16463, 'ap': 0.50474, 'auc': 0.85439}
val: {'epoch': 32, 'time_epoch': 11.76521, 'loss': 0.23148687, 'lr': 0, 'params': 443434, 'time_iter': 0.08058, 'accuracy': 0.16482, 'ap': 0.54036, 'auc': 0.86368}
test: {'epoch': 32, 'time_epoch': 11.89929, 'loss': 0.23718408, 'lr': 0, 'params': 443434, 'time_iter': 0.0815, 'accuracy': 0.16465, 'ap': 0.50979, 'auc': 0.86136}
> Epoch 32: took 243.9s (avg 246.8s) | Best so far: epoch 30	train_loss: 1.4671 train_ap: 0.4943	val_loss: 0.2265 val_ap: 0.5501	test_loss: 0.2348 test_ap: 0.5143
-----------------------------------------------------------
train: {'epoch': 33, 'time_epoch': 223.45018, 'eta': 37013.19187, 'eta_hours': 10.28144, 'loss': 1.45351432, 'lr': 0.00028928, 'params': 443434, 'time_iter': 0.3286, 'accuracy': 0.16463, 'ap': 0.50388, 'auc': 0.85459}
val: {'epoch': 33, 'time_epoch': 11.848, 'loss': 0.23663026, 'lr': 0, 'params': 443434, 'time_iter': 0.08115, 'accuracy': 0.16482, 'ap': 0.54001, 'auc': 0.86598}
test: {'epoch': 33, 'time_epoch': 11.88845, 'loss': 0.23844267, 'lr': 0, 'params': 443434, 'time_iter': 0.08143, 'accuracy': 0.16465, 'ap': 0.51243, 'auc': 0.8642}
> Epoch 33: took 247.3s (avg 246.8s) | Best so far: epoch 30	train_loss: 1.4671 train_ap: 0.4943	val_loss: 0.2265 val_ap: 0.5501	test_loss: 0.2348 test_ap: 0.5143
-----------------------------------------------------------
train: {'epoch': 34, 'time_epoch': 219.91393, 'eta': 36775.80875, 'eta_hours': 10.2155, 'loss': 1.44959462, 'lr': 0.00028834, 'params': 443434, 'time_iter': 0.3234, 'accuracy': 0.16463, 'ap': 0.50687, 'auc': 0.85439}
val: {'epoch': 34, 'time_epoch': 11.75351, 'loss': 0.22444607, 'lr': 0, 'params': 443434, 'time_iter': 0.0805, 'accuracy': 0.16482, 'ap': 0.55598, 'auc': 0.87118}
test: {'epoch': 34, 'time_epoch': 11.88756, 'loss': 0.23150476, 'lr': 0, 'params': 443434, 'time_iter': 0.08142, 'accuracy': 0.16465, 'ap': 0.51909, 'auc': 0.86675}
> Epoch 34: took 243.6s (avg 246.7s) | Best so far: epoch 34	train_loss: 1.4496 train_ap: 0.5069	val_loss: 0.2244 val_ap: 0.5560	test_loss: 0.2315 test_ap: 0.5191
-----------------------------------------------------------
train: {'epoch': 35, 'time_epoch': 219.9323, 'eta': 36539.47985, 'eta_hours': 10.14986, 'loss': 1.44725006, 'lr': 0.00028737, 'params': 443434, 'time_iter': 0.32343, 'accuracy': 0.16463, 'ap': 0.51255, 'auc': 0.85759}
val: {'epoch': 35, 'time_epoch': 11.75926, 'loss': 0.23247754, 'lr': 0, 'params': 443434, 'time_iter': 0.08054, 'accuracy': 0.16482, 'ap': 0.55112, 'auc': 0.86607}
test: {'epoch': 35, 'time_epoch': 11.89048, 'loss': 0.24065267, 'lr': 0, 'params': 443434, 'time_iter': 0.08144, 'accuracy': 0.16465, 'ap': 0.51323, 'auc': 0.85872}
> Epoch 35: took 243.7s (avg 246.6s) | Best so far: epoch 34	train_loss: 1.4496 train_ap: 0.5069	val_loss: 0.2244 val_ap: 0.5560	test_loss: 0.2315 test_ap: 0.5191
-----------------------------------------------------------
train: {'epoch': 36, 'time_epoch': 222.02492, 'eta': 36313.25607, 'eta_hours': 10.08702, 'loss': 1.44569352, 'lr': 0.00028635, 'params': 443434, 'time_iter': 0.32651, 'accuracy': 0.16463, 'ap': 0.51517, 'auc': 0.8574}
val: {'epoch': 36, 'time_epoch': 11.95309, 'loss': 0.22804937, 'lr': 0, 'params': 443434, 'time_iter': 0.08187, 'accuracy': 0.16482, 'ap': 0.5476, 'auc': 0.87094}
test: {'epoch': 36, 'time_epoch': 11.88956, 'loss': 0.23429724, 'lr': 0, 'params': 443434, 'time_iter': 0.08144, 'accuracy': 0.16465, 'ap': 0.51126, 'auc': 0.866}
> Epoch 36: took 246.0s (avg 246.6s) | Best so far: epoch 34	train_loss: 1.4496 train_ap: 0.5069	val_loss: 0.2244 val_ap: 0.5560	test_loss: 0.2315 test_ap: 0.5191
-----------------------------------------------------------
train: {'epoch': 37, 'time_epoch': 219.97719, 'eta': 36078.5235, 'eta_hours': 10.02181, 'loss': 1.44489907, 'lr': 0.0002853, 'params': 443434, 'time_iter': 0.3235, 'accuracy': 0.16463, 'ap': 0.51702, 'auc': 0.85967}
val: {'epoch': 37, 'time_epoch': 11.75587, 'loss': 0.22510958, 'lr': 0, 'params': 443434, 'time_iter': 0.08052, 'accuracy': 0.16482, 'ap': 0.55663, 'auc': 0.87273}
test: {'epoch': 37, 'time_epoch': 11.88832, 'loss': 0.23212633, 'lr': 0, 'params': 443434, 'time_iter': 0.08143, 'accuracy': 0.16465, 'ap': 0.52404, 'auc': 0.86594}
> Epoch 37: took 243.7s (avg 246.5s) | Best so far: epoch 37	train_loss: 1.4449 train_ap: 0.5170	val_loss: 0.2251 val_ap: 0.5566	test_loss: 0.2321 test_ap: 0.5240
-----------------------------------------------------------
train: {'epoch': 38, 'time_epoch': 232.72555, 'eta': 35897.17545, 'eta_hours': 9.97144, 'loss': 1.44266561, 'lr': 0.00028421, 'params': 443434, 'time_iter': 0.34224, 'accuracy': 0.16463, 'ap': 0.5199, 'auc': 0.8616}
val: {'epoch': 38, 'time_epoch': 11.94909, 'loss': 0.22965093, 'lr': 0, 'params': 443434, 'time_iter': 0.08184, 'accuracy': 0.16482, 'ap': 0.54932, 'auc': 0.86535}
test: {'epoch': 38, 'time_epoch': 11.89194, 'loss': 0.24182645, 'lr': 0, 'params': 443434, 'time_iter': 0.08145, 'accuracy': 0.16465, 'ap': 0.51222, 'auc': 0.85427}
> Epoch 38: took 256.7s (avg 246.8s) | Best so far: epoch 37	train_loss: 1.4449 train_ap: 0.5170	val_loss: 0.2251 val_ap: 0.5566	test_loss: 0.2321 test_ap: 0.5240
-----------------------------------------------------------
train: {'epoch': 39, 'time_epoch': 220.0551, 'eta': 35662.57674, 'eta_hours': 9.90627, 'loss': 1.44219188, 'lr': 0.00028308, 'params': 443434, 'time_iter': 0.32361, 'accuracy': 0.16463, 'ap': 0.51969, 'auc': 0.86233}
val: {'epoch': 39, 'time_epoch': 11.75984, 'loss': 0.22396128, 'lr': 0, 'params': 443434, 'time_iter': 0.08055, 'accuracy': 0.16482, 'ap': 0.55228, 'auc': 0.87384}
test: {'epoch': 39, 'time_epoch': 11.90269, 'loss': 0.23269022, 'lr': 0, 'params': 443434, 'time_iter': 0.08153, 'accuracy': 0.16465, 'ap': 0.52067, 'auc': 0.86604}
> Epoch 39: took 243.8s (avg 246.7s) | Best so far: epoch 37	train_loss: 1.4449 train_ap: 0.5170	val_loss: 0.2251 val_ap: 0.5566	test_loss: 0.2321 test_ap: 0.5240
-----------------------------------------------------------
train: {'epoch': 40, 'time_epoch': 220.19838, 'eta': 35429.24313, 'eta_hours': 9.84146, 'loss': 1.43950876, 'lr': 0.00028192, 'params': 443434, 'time_iter': 0.32382, 'accuracy': 0.16463, 'ap': 0.52879, 'auc': 0.864}
val: {'epoch': 40, 'time_epoch': 11.77151, 'loss': 0.23311413, 'lr': 0, 'params': 443434, 'time_iter': 0.08063, 'accuracy': 0.16482, 'ap': 0.53993, 'auc': 0.8666}
test: {'epoch': 40, 'time_epoch': 11.90362, 'loss': 0.23650044, 'lr': 0, 'params': 443434, 'time_iter': 0.08153, 'accuracy': 0.16465, 'ap': 0.51958, 'auc': 0.86407}
> Epoch 40: took 244.0s (avg 246.7s) | Best so far: epoch 37	train_loss: 1.4449 train_ap: 0.5170	val_loss: 0.2251 val_ap: 0.5566	test_loss: 0.2321 test_ap: 0.5240
-----------------------------------------------------------
train: {'epoch': 41, 'time_epoch': 222.34085, 'eta': 35204.59477, 'eta_hours': 9.77905, 'loss': 1.43809348, 'lr': 0.00028072, 'params': 443434, 'time_iter': 0.32697, 'accuracy': 0.16463, 'ap': 0.53184, 'auc': 0.8679}
val: {'epoch': 41, 'time_epoch': 11.95156, 'loss': 0.22532073, 'lr': 0, 'params': 443434, 'time_iter': 0.08186, 'accuracy': 0.16482, 'ap': 0.56168, 'auc': 0.87712}
test: {'epoch': 41, 'time_epoch': 11.89002, 'loss': 0.23497515, 'lr': 0, 'params': 443434, 'time_iter': 0.08144, 'accuracy': 0.16465, 'ap': 0.53148, 'auc': 0.86538}
> Epoch 41: took 246.3s (avg 246.7s) | Best so far: epoch 41	train_loss: 1.4381 train_ap: 0.5318	val_loss: 0.2253 val_ap: 0.5617	test_loss: 0.2350 test_ap: 0.5315
-----------------------------------------------------------
train: {'epoch': 42, 'time_epoch': 220.01309, 'eta': 34971.55471, 'eta_hours': 9.71432, 'loss': 1.43788727, 'lr': 0.00027949, 'params': 443434, 'time_iter': 0.32355, 'accuracy': 0.16463, 'ap': 0.53341, 'auc': 0.867}
val: {'epoch': 42, 'time_epoch': 11.7557, 'loss': 0.23127004, 'lr': 0, 'params': 443434, 'time_iter': 0.08052, 'accuracy': 0.16482, 'ap': 0.54283, 'auc': 0.86831}
test: {'epoch': 42, 'time_epoch': 11.8913, 'loss': 0.23956488, 'lr': 0, 'params': 443434, 'time_iter': 0.08145, 'accuracy': 0.16465, 'ap': 0.51221, 'auc': 0.85771}
> Epoch 42: took 243.8s (avg 246.6s) | Best so far: epoch 41	train_loss: 1.4381 train_ap: 0.5318	val_loss: 0.2253 val_ap: 0.5617	test_loss: 0.2350 test_ap: 0.5315
-----------------------------------------------------------
train: {'epoch': 43, 'time_epoch': 220.07373, 'eta': 34739.32176, 'eta_hours': 9.64981, 'loss': 1.43774205, 'lr': 0.00027822, 'params': 443434, 'time_iter': 0.32364, 'accuracy': 0.16463, 'ap': 0.53584, 'auc': 0.86682}
val: {'epoch': 43, 'time_epoch': 11.76465, 'loss': 0.22449362, 'lr': 0, 'params': 443434, 'time_iter': 0.08058, 'accuracy': 0.16482, 'ap': 0.56403, 'auc': 0.87284}
test: {'epoch': 43, 'time_epoch': 11.91795, 'loss': 0.22964257, 'lr': 0, 'params': 443434, 'time_iter': 0.08163, 'accuracy': 0.16465, 'ap': 0.54336, 'auc': 0.87162}
> Epoch 43: took 243.8s (avg 246.5s) | Best so far: epoch 43	train_loss: 1.4377 train_ap: 0.5358	val_loss: 0.2245 val_ap: 0.5640	test_loss: 0.2296 test_ap: 0.5434
-----------------------------------------------------------
train: {'epoch': 44, 'time_epoch': 220.20407, 'eta': 34508.0782, 'eta_hours': 9.58558, 'loss': 1.43380562, 'lr': 0.00027691, 'params': 443434, 'time_iter': 0.32383, 'accuracy': 0.16463, 'ap': 0.54204, 'auc': 0.8707}
val: {'epoch': 44, 'time_epoch': 11.76916, 'loss': 0.2221601, 'lr': 0, 'params': 443434, 'time_iter': 0.08061, 'accuracy': 0.16482, 'ap': 0.57076, 'auc': 0.87435}
test: {'epoch': 44, 'time_epoch': 11.90357, 'loss': 0.23197346, 'lr': 0, 'params': 443434, 'time_iter': 0.08153, 'accuracy': 0.16465, 'ap': 0.52415, 'auc': 0.86542}
> Epoch 44: took 244.0s (avg 246.5s) | Best so far: epoch 44	train_loss: 1.4338 train_ap: 0.5420	val_loss: 0.2222 val_ap: 0.5708	test_loss: 0.2320 test_ap: 0.5242
-----------------------------------------------------------
train: {'epoch': 45, 'time_epoch': 220.24067, 'eta': 34277.43711, 'eta_hours': 9.52151, 'loss': 1.43357287, 'lr': 0.00027557, 'params': 443434, 'time_iter': 0.32388, 'accuracy': 0.16463, 'ap': 0.5438, 'auc': 0.86979}
val: {'epoch': 45, 'time_epoch': 11.7651, 'loss': 0.22205025, 'lr': 0, 'params': 443434, 'time_iter': 0.08058, 'accuracy': 0.16482, 'ap': 0.56415, 'auc': 0.87731}
test: {'epoch': 45, 'time_epoch': 11.90119, 'loss': 0.23007041, 'lr': 0, 'params': 443434, 'time_iter': 0.08151, 'accuracy': 0.16465, 'ap': 0.5311, 'auc': 0.8645}
> Epoch 45: took 244.0s (avg 246.4s) | Best so far: epoch 44	train_loss: 1.4338 train_ap: 0.5420	val_loss: 0.2222 val_ap: 0.5708	test_loss: 0.2320 test_ap: 0.5242
-----------------------------------------------------------
train: {'epoch': 46, 'time_epoch': 220.16441, 'eta': 34046.99036, 'eta_hours': 9.4575, 'loss': 1.43408115, 'lr': 0.0002742, 'params': 443434, 'time_iter': 0.32377, 'accuracy': 0.16463, 'ap': 0.54348, 'auc': 0.86907}
val: {'epoch': 46, 'time_epoch': 11.76655, 'loss': 0.22102241, 'lr': 0, 'params': 443434, 'time_iter': 0.08059, 'accuracy': 0.16482, 'ap': 0.56839, 'auc': 0.88298}
test: {'epoch': 46, 'time_epoch': 11.89939, 'loss': 0.22891412, 'lr': 0, 'params': 443434, 'time_iter': 0.0815, 'accuracy': 0.16465, 'ap': 0.53773, 'auc': 0.87235}
> Epoch 46: took 243.9s (avg 246.4s) | Best so far: epoch 44	train_loss: 1.4338 train_ap: 0.5420	val_loss: 0.2222 val_ap: 0.5708	test_loss: 0.2320 test_ap: 0.5242
-----------------------------------------------------------
train: {'epoch': 47, 'time_epoch': 220.10094, 'eta': 33816.77105, 'eta_hours': 9.39355, 'loss': 1.4337065, 'lr': 0.00027279, 'params': 443434, 'time_iter': 0.32368, 'accuracy': 0.16463, 'ap': 0.54652, 'auc': 0.8704}
val: {'epoch': 47, 'time_epoch': 11.765, 'loss': 0.2296599, 'lr': 0, 'params': 443434, 'time_iter': 0.08058, 'accuracy': 0.16482, 'ap': 0.561, 'auc': 0.87213}
test: {'epoch': 47, 'time_epoch': 11.89803, 'loss': 0.2376699, 'lr': 0, 'params': 443434, 'time_iter': 0.08149, 'accuracy': 0.16465, 'ap': 0.52798, 'auc': 0.86563}
> Epoch 47: took 243.9s (avg 246.3s) | Best so far: epoch 44	train_loss: 1.4338 train_ap: 0.5420	val_loss: 0.2222 val_ap: 0.5708	test_loss: 0.2320 test_ap: 0.5242
-----------------------------------------------------------
train: {'epoch': 48, 'time_epoch': 228.45342, 'eta': 33612.704, 'eta_hours': 9.33686, 'loss': 1.43067603, 'lr': 0.00027135, 'params': 443434, 'time_iter': 0.33596, 'accuracy': 0.16463, 'ap': 0.5459, 'auc': 0.87458}
val: {'epoch': 48, 'time_epoch': 11.93834, 'loss': 0.22073408, 'lr': 0, 'params': 443434, 'time_iter': 0.08177, 'accuracy': 0.16482, 'ap': 0.58538, 'auc': 0.88229}
test: {'epoch': 48, 'time_epoch': 11.88376, 'loss': 0.22932843, 'lr': 0, 'params': 443434, 'time_iter': 0.0814, 'accuracy': 0.16465, 'ap': 0.54122, 'auc': 0.87508}
> Epoch 48: took 252.4s (avg 246.4s) | Best so far: epoch 48	train_loss: 1.4307 train_ap: 0.5459	val_loss: 0.2207 val_ap: 0.5854	test_loss: 0.2293 test_ap: 0.5412
-----------------------------------------------------------
train: {'epoch': 49, 'time_epoch': 219.91285, 'eta': 33382.03979, 'eta_hours': 9.27279, 'loss': 1.41988107, 'lr': 0.00026988, 'params': 443434, 'time_iter': 0.3234, 'accuracy': 0.16463, 'ap': 0.5496, 'auc': 0.87455}
val: {'epoch': 49, 'time_epoch': 11.75318, 'loss': 0.22060886, 'lr': 0, 'params': 443434, 'time_iter': 0.0805, 'accuracy': 0.16482, 'ap': 0.57302, 'auc': 0.8787}
test: {'epoch': 49, 'time_epoch': 11.89577, 'loss': 0.22860012, 'lr': 0, 'params': 443434, 'time_iter': 0.08148, 'accuracy': 0.16465, 'ap': 0.54078, 'auc': 0.87197}
> Epoch 49: took 243.6s (avg 246.4s) | Best so far: epoch 48	train_loss: 1.4307 train_ap: 0.5459	val_loss: 0.2207 val_ap: 0.5854	test_loss: 0.2293 test_ap: 0.5412
-----------------------------------------------------------
train: {'epoch': 50, 'time_epoch': 220.13735, 'eta': 33152.45309, 'eta_hours': 9.20901, 'loss': 1.38193294, 'lr': 0.00026837, 'params': 443434, 'time_iter': 0.32373, 'accuracy': 0.16463, 'ap': 0.54963, 'auc': 0.87401}
val: {'epoch': 50, 'time_epoch': 11.76677, 'loss': 0.22999657, 'lr': 0, 'params': 443434, 'time_iter': 0.08059, 'accuracy': 0.16482, 'ap': 0.55763, 'auc': 0.87446}
test: {'epoch': 50, 'time_epoch': 11.90073, 'loss': 0.2367374, 'lr': 0, 'params': 443434, 'time_iter': 0.08151, 'accuracy': 0.16465, 'ap': 0.5333, 'auc': 0.86661}
> Epoch 50: took 243.9s (avg 246.3s) | Best so far: epoch 48	train_loss: 1.4307 train_ap: 0.5459	val_loss: 0.2207 val_ap: 0.5854	test_loss: 0.2293 test_ap: 0.5412
-----------------------------------------------------------
train: {'epoch': 51, 'time_epoch': 220.18687, 'eta': 32923.37078, 'eta_hours': 9.14538, 'loss': 1.3777045, 'lr': 0.00026683, 'params': 443434, 'time_iter': 0.3238, 'accuracy': 0.16463, 'ap': 0.55296, 'auc': 0.87722}
val: {'epoch': 51, 'time_epoch': 11.7651, 'loss': 0.22106197, 'lr': 0, 'params': 443434, 'time_iter': 0.08058, 'accuracy': 0.16482, 'ap': 0.57287, 'auc': 0.87854}
test: {'epoch': 51, 'time_epoch': 11.90047, 'loss': 0.22751733, 'lr': 0, 'params': 443434, 'time_iter': 0.08151, 'accuracy': 0.16465, 'ap': 0.54468, 'auc': 0.87267}
> Epoch 51: took 243.9s (avg 246.3s) | Best so far: epoch 48	train_loss: 1.4307 train_ap: 0.5459	val_loss: 0.2207 val_ap: 0.5854	test_loss: 0.2293 test_ap: 0.5412
-----------------------------------------------------------
train: {'epoch': 52, 'time_epoch': 220.10792, 'eta': 32694.40516, 'eta_hours': 9.08178, 'loss': 1.37565778, 'lr': 0.00026526, 'params': 443434, 'time_iter': 0.32369, 'accuracy': 0.16463, 'ap': 0.5599, 'auc': 0.87837}
val: {'epoch': 52, 'time_epoch': 11.76796, 'loss': 0.21437186, 'lr': 0, 'params': 443434, 'time_iter': 0.0806, 'accuracy': 0.16482, 'ap': 0.59508, 'auc': 0.88335}
test: {'epoch': 52, 'time_epoch': 11.90013, 'loss': 0.22397361, 'lr': 0, 'params': 443434, 'time_iter': 0.08151, 'accuracy': 0.16465, 'ap': 0.55155, 'auc': 0.87275}
> Epoch 52: took 243.9s (avg 246.2s) | Best so far: epoch 52	train_loss: 1.3757 train_ap: 0.5599	val_loss: 0.2144 val_ap: 0.5951	test_loss: 0.2240 test_ap: 0.5515
-----------------------------------------------------------
train: {'epoch': 53, 'time_epoch': 220.30405, 'eta': 32466.29787, 'eta_hours': 9.01842, 'loss': 1.37546063, 'lr': 0.00026366, 'params': 443434, 'time_iter': 0.32398, 'accuracy': 0.16463, 'ap': 0.55931, 'auc': 0.87781}
val: {'epoch': 53, 'time_epoch': 11.76366, 'loss': 0.21439632, 'lr': 0, 'params': 443434, 'time_iter': 0.08057, 'accuracy': 0.16482, 'ap': 0.59503, 'auc': 0.88354}
test: {'epoch': 53, 'time_epoch': 11.89836, 'loss': 0.22603915, 'lr': 0, 'params': 443434, 'time_iter': 0.0815, 'accuracy': 0.16465, 'ap': 0.54609, 'auc': 0.87541}
> Epoch 53: took 244.1s (avg 246.2s) | Best so far: epoch 52	train_loss: 1.3757 train_ap: 0.5599	val_loss: 0.2144 val_ap: 0.5951	test_loss: 0.2240 test_ap: 0.5515
-----------------------------------------------------------
train: {'epoch': 54, 'time_epoch': 220.05984, 'eta': 32237.83053, 'eta_hours': 8.95495, 'loss': 1.37328214, 'lr': 0.00026202, 'params': 443434, 'time_iter': 0.32362, 'accuracy': 0.16463, 'ap': 0.56256, 'auc': 0.87917}
val: {'epoch': 54, 'time_epoch': 11.76664, 'loss': 0.23002441, 'lr': 0, 'params': 443434, 'time_iter': 0.08059, 'accuracy': 0.16482, 'ap': 0.57353, 'auc': 0.87508}
test: {'epoch': 54, 'time_epoch': 11.89984, 'loss': 0.23586743, 'lr': 0, 'params': 443434, 'time_iter': 0.08151, 'accuracy': 0.16465, 'ap': 0.53626, 'auc': 0.87023}
> Epoch 54: took 243.8s (avg 246.2s) | Best so far: epoch 52	train_loss: 1.3757 train_ap: 0.5599	val_loss: 0.2144 val_ap: 0.5951	test_loss: 0.2240 test_ap: 0.5515
-----------------------------------------------------------
train: {'epoch': 55, 'time_epoch': 220.08126, 'eta': 32009.71854, 'eta_hours': 8.89159, 'loss': 1.37218961, 'lr': 0.00026036, 'params': 443434, 'time_iter': 0.32365, 'accuracy': 0.16463, 'ap': 0.56654, 'auc': 0.88066}
val: {'epoch': 55, 'time_epoch': 11.76532, 'loss': 0.21968319, 'lr': 0, 'params': 443434, 'time_iter': 0.08058, 'accuracy': 0.16482, 'ap': 0.57944, 'auc': 0.88167}
test: {'epoch': 55, 'time_epoch': 11.89859, 'loss': 0.23043775, 'lr': 0, 'params': 443434, 'time_iter': 0.0815, 'accuracy': 0.16465, 'ap': 0.54252, 'auc': 0.86904}
> Epoch 55: took 243.8s (avg 246.1s) | Best so far: epoch 52	train_loss: 1.3757 train_ap: 0.5599	val_loss: 0.2144 val_ap: 0.5951	test_loss: 0.2240 test_ap: 0.5515
-----------------------------------------------------------
train: {'epoch': 56, 'time_epoch': 220.17, 'eta': 31782.11095, 'eta_hours': 8.82836, 'loss': 1.37007212, 'lr': 0.00025866, 'params': 443434, 'time_iter': 0.32378, 'accuracy': 0.16463, 'ap': 0.57347, 'auc': 0.88132}
val: {'epoch': 56, 'time_epoch': 11.76406, 'loss': 0.22763527, 'lr': 0, 'params': 443434, 'time_iter': 0.08058, 'accuracy': 0.16482, 'ap': 0.57735, 'auc': 0.87679}
test: {'epoch': 56, 'time_epoch': 11.89879, 'loss': 0.23306749, 'lr': 0, 'params': 443434, 'time_iter': 0.0815, 'accuracy': 0.16465, 'ap': 0.54615, 'auc': 0.87266}
> Epoch 56: took 243.9s (avg 246.1s) | Best so far: epoch 52	train_loss: 1.3757 train_ap: 0.5599	val_loss: 0.2144 val_ap: 0.5951	test_loss: 0.2240 test_ap: 0.5515
-----------------------------------------------------------
train: {'epoch': 57, 'time_epoch': 220.25961, 'eta': 31554.97922, 'eta_hours': 8.76527, 'loss': 1.3689478, 'lr': 0.00025694, 'params': 443434, 'time_iter': 0.32391, 'accuracy': 0.16463, 'ap': 0.57021, 'auc': 0.8829}
val: {'epoch': 57, 'time_epoch': 11.76665, 'loss': 0.21821532, 'lr': 0, 'params': 443434, 'time_iter': 0.08059, 'accuracy': 0.16482, 'ap': 0.58392, 'auc': 0.88394}
test: {'epoch': 57, 'time_epoch': 11.89717, 'loss': 0.22738907, 'lr': 0, 'params': 443434, 'time_iter': 0.08149, 'accuracy': 0.16465, 'ap': 0.55003, 'auc': 0.8772}
> Epoch 57: took 244.0s (avg 246.0s) | Best so far: epoch 52	train_loss: 1.3757 train_ap: 0.5599	val_loss: 0.2144 val_ap: 0.5951	test_loss: 0.2240 test_ap: 0.5515
-----------------------------------------------------------
train: {'epoch': 58, 'time_epoch': 220.12792, 'eta': 31327.76573, 'eta_hours': 8.70216, 'loss': 1.36804179, 'lr': 0.00025519, 'params': 443434, 'time_iter': 0.32372, 'accuracy': 0.16463, 'ap': 0.57615, 'auc': 0.8833}
val: {'epoch': 58, 'time_epoch': 11.76797, 'loss': 0.2193658, 'lr': 0, 'params': 443434, 'time_iter': 0.0806, 'accuracy': 0.16482, 'ap': 0.584, 'auc': 0.88087}
test: {'epoch': 58, 'time_epoch': 11.9025, 'loss': 0.22606234, 'lr': 0, 'params': 443434, 'time_iter': 0.08152, 'accuracy': 0.16465, 'ap': 0.56054, 'auc': 0.8759}
> Epoch 58: took 243.9s (avg 246.0s) | Best so far: epoch 52	train_loss: 1.3757 train_ap: 0.5599	val_loss: 0.2144 val_ap: 0.5951	test_loss: 0.2240 test_ap: 0.5515
-----------------------------------------------------------
train: {'epoch': 59, 'time_epoch': 220.11984, 'eta': 31100.76957, 'eta_hours': 8.6391, 'loss': 1.36573534, 'lr': 0.0002534, 'params': 443434, 'time_iter': 0.32371, 'accuracy': 0.16463, 'ap': 0.58132, 'auc': 0.88623}
val: {'epoch': 59, 'time_epoch': 11.76354, 'loss': 0.21917503, 'lr': 0, 'params': 443434, 'time_iter': 0.08057, 'accuracy': 0.16482, 'ap': 0.58639, 'auc': 0.88304}
test: {'epoch': 59, 'time_epoch': 11.89656, 'loss': 0.22643946, 'lr': 0, 'params': 443434, 'time_iter': 0.08148, 'accuracy': 0.16465, 'ap': 0.55964, 'auc': 0.87951}
> Epoch 59: took 243.9s (avg 246.0s) | Best so far: epoch 52	train_loss: 1.3757 train_ap: 0.5599	val_loss: 0.2144 val_ap: 0.5951	test_loss: 0.2240 test_ap: 0.5515
-----------------------------------------------------------
train: {'epoch': 60, 'time_epoch': 227.0537, 'eta': 30889.79898, 'eta_hours': 8.5805, 'loss': 1.36663107, 'lr': 0.00025159, 'params': 443434, 'time_iter': 0.3339, 'accuracy': 0.16463, 'ap': 0.58086, 'auc': 0.88318}
val: {'epoch': 60, 'time_epoch': 11.93336, 'loss': 0.22896692, 'lr': 0, 'params': 443434, 'time_iter': 0.08174, 'accuracy': 0.16482, 'ap': 0.5731, 'auc': 0.87268}
test: {'epoch': 60, 'time_epoch': 11.87885, 'loss': 0.23586914, 'lr': 0, 'params': 443434, 'time_iter': 0.08136, 'accuracy': 0.16465, 'ap': 0.54009, 'auc': 0.86804}
> Epoch 60: took 251.0s (avg 246.0s) | Best so far: epoch 52	train_loss: 1.3757 train_ap: 0.5599	val_loss: 0.2144 val_ap: 0.5951	test_loss: 0.2240 test_ap: 0.5515
-----------------------------------------------------------
train: {'epoch': 61, 'time_epoch': 219.80992, 'eta': 30662.18633, 'eta_hours': 8.51727, 'loss': 1.36507094, 'lr': 0.00024975, 'params': 443434, 'time_iter': 0.32325, 'accuracy': 0.16463, 'ap': 0.58324, 'auc': 0.88634}
val: {'epoch': 61, 'time_epoch': 11.75342, 'loss': 0.21790965, 'lr': 0, 'params': 443434, 'time_iter': 0.0805, 'accuracy': 0.16482, 'ap': 0.59487, 'auc': 0.88278}
test: {'epoch': 61, 'time_epoch': 11.8869, 'loss': 0.22710557, 'lr': 0, 'params': 443434, 'time_iter': 0.08142, 'accuracy': 0.16465, 'ap': 0.56499, 'auc': 0.87319}
> Epoch 61: took 243.5s (avg 246.0s) | Best so far: epoch 52	train_loss: 1.3757 train_ap: 0.5599	val_loss: 0.2144 val_ap: 0.5951	test_loss: 0.2240 test_ap: 0.5515
-----------------------------------------------------------
[*] Run ID 0: seed=0, split_index=0
    Starting now: 2026-01-31 19:46:32.391542
[*] Loaded dataset 'peptides-functional' from 'OGB':
  Data(edge_index=[2, 4773974], edge_attr=[4773974, 3], x=[2344859, 9], y=[15535, 10])
  undirected: True
  num graphs: 15535
  avg num_nodes/graph: 150
  num node features: 9
  num edge features: 3
  num classes: 10
Precomputing Positional Encoding statistics: ['RRWP'] for all graphs...
  ...estimated to be undirected: True
Done! Took 00:00:36.50
GraphGymModule(
  (model): GritTransformer(
    (encoder): FeatureEncoder(
      (node_encoder): AtomEncoder(
        (atom_embedding_list): ModuleList(
          (0): Embedding(119, 96)
          (1): Embedding(5, 96)
          (2-3): 2 x Embedding(12, 96)
          (4): Embedding(10, 96)
          (5-6): 2 x Embedding(6, 96)
          (7-8): 2 x Embedding(2, 96)
        )
      )
      (edge_encoder): BondEncoder(
        (bond_embedding_list): ModuleList(
          (0): Embedding(5, 96)
          (1): Embedding(6, 96)
          (2): Embedding(2, 96)
        )
      )
    )
    (rrwp_abs_encoder): RRWPLinearNodeEncoder(
      (fc): Linear(in_features=17, out_features=96, bias=False)
    )
    (rrwp_rel_encoder): RRWPLinearEdgeEncoder(pad_to_full_graph=True,fill_value=0.0,Linear(in_features=17, out_features=96, bias=False))
    (layers): Sequential(
      (0): GritTransformerLayer(in_channels=96, out_channels=96, heads=4, residual=True)
      [GritTransformerLayer(
        (act): ReLU()
        (attention): MultiHeadAttentionLayerGritSparse(
          (dropout): Dropout(p=0.5, inplace=False)
          (Q): Linear(in_features=96, out_features=96, bias=True)
          (K): Linear(in_features=96, out_features=96, bias=False)
          (E): Linear(in_features=96, out_features=192, bias=True)
          (V): Linear(in_features=96, out_features=96, bias=False)
          (act): ReLU()
        )
        (O_h): Linear(in_features=96, out_features=96, bias=True)
        (O_e): Linear(in_features=96, out_features=96, bias=True)
        (batch_norm1_h): BatchNorm1d(96, eps=1e-05, momentum=0.1, affine=True, track_running_stats=True)
        (batch_norm1_e): BatchNorm1d(96, eps=1e-05, momentum=0.1, affine=True, track_running_stats=True)
        (FFN_h_layer1): Linear(in_features=96, out_features=192, bias=True)
        (FFN_h_layer2): Linear(in_features=192, out_features=96, bias=True)
        (batch_norm2_h): BatchNorm1d(96, eps=1e-05, momentum=0.1, affine=True, track_running_stats=True)
      )]
      (1): GritTransformerLayer(in_channels=96, out_channels=96, heads=4, residual=True)
      [GritTransformerLayer(
        (act): ReLU()
        (attention): MultiHeadAttentionLayerGritSparse(
          (dropout): Dropout(p=0.5, inplace=False)
          (Q): Linear(in_features=96, out_features=96, bias=True)
          (K): Linear(in_features=96, out_features=96, bias=False)
          (E): Linear(in_features=96, out_features=192, bias=True)
          (V): Linear(in_features=96, out_features=96, bias=False)
          (act): ReLU()
        )
        (O_h): Linear(in_features=96, out_features=96, bias=True)
        (O_e): Linear(in_features=96, out_features=96, bias=True)
        (batch_norm1_h): BatchNorm1d(96, eps=1e-05, momentum=0.1, affine=True, track_running_stats=True)
        (batch_norm1_e): BatchNorm1d(96, eps=1e-05, momentum=0.1, affine=True, track_running_stats=True)
        (FFN_h_layer1): Linear(in_features=96, out_features=192, bias=True)
        (FFN_h_layer2): Linear(in_features=192, out_features=96, bias=True)
        (batch_norm2_h): BatchNorm1d(96, eps=1e-05, momentum=0.1, affine=True, track_running_stats=True)
      )]
      (2): GritTransformerLayer(in_channels=96, out_channels=96, heads=4, residual=True)
      [GritTransformerLayer(
        (act): ReLU()
        (attention): MultiHeadAttentionLayerGritSparse(
          (dropout): Dropout(p=0.5, inplace=False)
          (Q): Linear(in_features=96, out_features=96, bias=True)
          (K): Linear(in_features=96, out_features=96, bias=False)
          (E): Linear(in_features=96, out_features=192, bias=True)
          (V): Linear(in_features=96, out_features=96, bias=False)
          (act): ReLU()
        )
        (O_h): Linear(in_features=96, out_features=96, bias=True)
        (O_e): Linear(in_features=96, out_features=96, bias=True)
        (batch_norm1_h): BatchNorm1d(96, eps=1e-05, momentum=0.1, affine=True, track_running_stats=True)
        (batch_norm1_e): BatchNorm1d(96, eps=1e-05, momentum=0.1, affine=True, track_running_stats=True)
        (FFN_h_layer1): Linear(in_features=96, out_features=192, bias=True)
        (FFN_h_layer2): Linear(in_features=192, out_features=96, bias=True)
        (batch_norm2_h): BatchNorm1d(96, eps=1e-05, momentum=0.1, affine=True, track_running_stats=True)
      )]
      (3): GritTransformerLayer(in_channels=96, out_channels=96, heads=4, residual=True)
      [GritTransformerLayer(
        (act): ReLU()
        (attention): MultiHeadAttentionLayerGritSparse(
          (dropout): Dropout(p=0.5, inplace=False)
          (Q): Linear(in_features=96, out_features=96, bias=True)
          (K): Linear(in_features=96, out_features=96, bias=False)
          (E): Linear(in_features=96, out_features=192, bias=True)
          (V): Linear(in_features=96, out_features=96, bias=False)
          (act): ReLU()
        )
        (O_h): Linear(in_features=96, out_features=96, bias=True)
        (O_e): Linear(in_features=96, out_features=96, bias=True)
        (batch_norm1_h): BatchNorm1d(96, eps=1e-05, momentum=0.1, affine=True, track_running_stats=True)
        (batch_norm1_e): BatchNorm1d(96, eps=1e-05, momentum=0.1, affine=True, track_running_stats=True)
        (FFN_h_layer1): Linear(in_features=96, out_features=192, bias=True)
        (FFN_h_layer2): Linear(in_features=192, out_features=96, bias=True)
        (batch_norm2_h): BatchNorm1d(96, eps=1e-05, momentum=0.1, affine=True, track_running_stats=True)
      )]
    )
    (post_mp): GNNGraphHead(
      (layer_post_mp): MLP(
        (model): Sequential(
          (0): Linear(
            (model): Linear(96, 10, bias=True)
          )
        )
      )
    )
  )
)
accelerator: cuda:0
benchmark: False
best_by_loss: False
bn:
  eps: 1e-05
  mom: 0.1
cfg_dest: config.yaml
cfg_file: configs/GRIT/peptides-func-GRIT-RRWP.yaml
custom_metrics: []
dataset:
  cache_load: False
  cache_save: False
  dir: ./datasets
  edge_dim: 128
  edge_encoder: True
  edge_encoder_bn: False
  edge_encoder_name: Bond
  edge_encoder_num_types: 0
  edge_message_ratio: 0.8
  edge_negative_sampling_ratio: 1.0
  edge_train_mode: all
  encoder: True
  encoder_bn: True
  encoder_dim: 128
  encoder_name: db
  format: OGB
  label_column: none
  label_table: none
  location: local
  name: peptides-functional
  node_encoder: True
  node_encoder_bn: False
  node_encoder_name: Atom
  node_encoder_num_types: 0
  pe_transform_on_the_fly: False
  remove_feature: False
  resample_disjoint: False
  resample_negative: False
  shuffle_split: True
  slic_compactness: 10
  split: [0.8, 0.1, 0.1]
  split_dir: ./splits
  split_index: 0
  split_mode: standard
  task: graph
  task_type: classification_multilabel
  to_undirected: False
  transductive: False
  transform: none
  tu_simple: True
device: cuda:0
devices: 1
example_arg: example
example_group:
  example_arg: example
gnn:
  act: relu
  agg: add
  att_final_linear: False
  att_final_linear_bn: False
  att_heads: 1
  batchnorm: True
  clear_feature: True
  dim_edge: 96
  dim_inner: 96
  dropout: 0.0
  head: graph
  keep_edge: 0.5
  l2norm: True
  layer_type: generalconv
  layers_mp: 2
  layers_post_mp: 1
  layers_pre_mp: 0
  msg_direction: single
  normalize_adj: False
  residual: False
  self_msg: concat
  skip_every: 1
  stage_type: stack
gpu_mem: False
gt:
  attn:
    O_e: True
    act: relu
    clamp: 5.0
    deg_scaler: True
    edge_enhance: True
    full_attn: True
    fwl: False
    norm_e: True
    signed_sqrt: True
    sparse: False
    use: True
    use_bias: False
  attn_dropout: 0.5
  batch_norm: True
  bigbird:
    add_cross_attention: False
    attention_type: block_sparse
    block_size: 3
    chunk_size_feed_forward: 0
    hidden_act: relu
    is_decoder: False
    layer_norm_eps: 1e-06
    max_position_embeddings: 128
    num_random_blocks: 3
    use_bias: False
  bn_momentum: 0.1
  bn_no_runner: False
  dim_hidden: 96
  dropout: 0.0
  full_graph: True
  gamma: 1e-05
  layer_norm: False
  layer_type: GritTransformer
  layers: 4
  n_heads: 4
  pna_degrees: []
  residual: True
  update_e: True
loss:
  attention_improvement:
    enable: True
    tau: 0.2
    weight: 1.0
  structure_reconstruction:
    enable: False
    weight: 0.1
mem:
  inplace: False
metric_agg: argmax
metric_best: ap
mlflow:
  name: peptides-func-GRIT-RRWP
  project: Exp
  use: False
model:
  edge_decoding: dot
  graph_pooling: mean
  loss_fun: cross_entropy
  match_upper: True
  size_average: mean
  thresh: 0.5
  type: GritTransformer
name_tag: 
num_threads: 6
num_workers: 0
optim:
  base_lr: 0.0003
  batch_accumulation: 1
  clip_grad_norm: True
  early_stop_by_lr: False
  early_stop_by_perf: False
  lr_decay: 0.1
  max_epoch: 200
  min_lr: 0.0
  min_lr_mode: threshold
  momentum: 0.9
  num_cycles: 0.5
  num_warmup_epochs: 10
  optimizer: adamW
  reduce_factor: 0.5
  schedule_patience: 10
  scheduler: cosine_with_warmup
  steps: [30, 60, 90]
  stop_patience: 100
  weight_decay: 0.0
out_dir: results/peptides-func-GRIT-RRWP
posenc_ElstaticSE:
  dim_pe: 16
  enable: False
  kernel:
    times: []
    times_func: range(10)
  layers: 3
  model: none
  n_heads: 4
  pass_as_var: False
  post_layers: 0
  raw_norm_type: none
posenc_EquivStableLapPE:
  eigen:
    eigvec_norm: L2
    laplacian_norm: sym
    max_freqs: 10
  enable: False
  raw_norm_type: none
posenc_HKdiagSE:
  dim_pe: 16
  enable: False
  kernel:
    times: []
    times_func: 
  layers: 3
  model: none
  n_heads: 4
  pass_as_var: False
  post_layers: 0
  raw_norm_type: none
posenc_LapPE:
  dim_pe: 16
  eigen:
    eigvec_norm: L2
    laplacian_norm: sym
    max_freqs: 10
  enable: False
  layers: 3
  model: none
  n_heads: 4
  pass_as_var: False
  post_layers: 0
  raw_norm_type: none
posenc_RRWP:
  add_identity: True
  add_node_attr: False
  dim_pe: 16
  enable: True
  ksteps: 17
  layers: 3
  model: none
  n_heads: 4
  pass_as_var: False
  post_layers: 0
  raw_norm_type: none
  spd: False
posenc_RWSE:
  dim_pe: 16
  enable: False
  kernel:
    times: []
    times_func: 
  layers: 3
  model: none
  n_heads: 4
  pass_as_var: False
  post_layers: 0
  raw_norm_type: none
posenc_SignNet:
  dim_pe: 16
  eigen:
    eigvec_norm: L2
    laplacian_norm: sym
    max_freqs: 10
  enable: False
  layers: 3
  model: none
  n_heads: 4
  pass_as_var: False
  phi_hidden_dim: 64
  phi_out_dim: 4
  post_layers: 0
  raw_norm_type: none
pretrained:
  dir: 
  freeze_main: False
  reset_prediction_head: True
print: both
round: 5
run_dir: results/peptides-func-GRIT-RRWP/0
run_id: 0
run_multiple_splits: []
seed: 0
share:
  dim_in: 9
  dim_out: 10
  num_splits: 3
tensorboard_agg: True
tensorboard_each_run: True
train:
  auto_resume: False
  batch_size: 16
  ckpt_best: True
  ckpt_clean: True
  ckpt_period: 100
  enable_ckpt: True
  epoch_resume: -1
  eval_period: 1
  iter_per_epoch: 32
  mode: custom
  neighbor_sizes: [20, 15, 10, 5]
  node_per_graph: 32
  radius: extend
  sample_node: False
  sampler: full_batch
  skip_train_eval: False
  walk_length: 4
val:
  node_per_graph: 32
  radius: extend
  sample_node: False
  sampler: full_batch
view_emb: False
wandb:
  entity: gtransformers
  name: 
  project: peptides-func
  use: False
work_dir: /home/sajan_rg/graphormer_eval/new_experiments/sota_architectures/GRIT
Num parameters: 443434
Start from epoch 0
train: {'epoch': 0, 'time_epoch': 223.45247, 'eta': 44467.04192, 'eta_hours': 12.35196, 'loss': 5.03832358, 'lr': 0.0, 'params': 443434, 'time_iter': 0.32861, 'accuracy': 0.16463, 'ap': 0.17002, 'auc': 0.51561}
...computing epoch stats took: 0.18s
val: {'epoch': 0, 'time_epoch': 12.008, 'loss': 0.69745987, 'lr': 0, 'params': 443434, 'time_iter': 0.08225, 'accuracy': 0.16482, 'ap': 0.17571, 'auc': 0.52322}
...computing epoch stats took: 0.10s
test: {'epoch': 0, 'time_epoch': 12.32515, 'loss': 0.69788165, 'lr': 0, 'params': 443434, 'time_iter': 0.08442, 'accuracy': 0.16465, 'ap': 0.17193, 'auc': 0.51829}
...computing epoch stats took: 0.02s
> Epoch 0: took 248.1s (avg 248.1s) | Best so far: epoch 0	train_loss: 5.0383 train_ap: 0.1700	val_loss: 0.6975 val_ap: 0.1757	test_loss: 0.6979 test_ap: 0.1719
-----------------------------------------------------------
train: {'epoch': 1, 'time_epoch': 220.2193, 'eta': 43923.50585, 'eta_hours': 12.20097, 'loss': 3.49139647, 'lr': 3e-05, 'params': 443434, 'time_iter': 0.32385, 'accuracy': 0.16463, 'ap': 0.18233, 'auc': 0.5323}
...computing epoch stats took: 0.03s
val: {'epoch': 1, 'time_epoch': 11.94785, 'loss': 0.60330869, 'lr': 0, 'params': 443434, 'time_iter': 0.08183, 'accuracy': 0.16482, 'ap': 0.19918, 'auc': 0.56739}
...computing epoch stats took: 0.02s
test: {'epoch': 1, 'time_epoch': 11.88513, 'loss': 0.60021016, 'lr': 0, 'params': 443434, 'time_iter': 0.0814, 'accuracy': 0.16465, 'ap': 0.19983, 'auc': 0.57712}
...computing epoch stats took: 0.02s
> Epoch 1: took 244.1s (avg 246.1s) | Best so far: epoch 1	train_loss: 3.4914 train_ap: 0.1823	val_loss: 0.6033 val_ap: 0.1992	test_loss: 0.6002 test_ap: 0.1998
-----------------------------------------------------------
train: {'epoch': 2, 'time_epoch': 220.26403, 'eta': 43598.45118, 'eta_hours': 12.11068, 'loss': 2.08963539, 'lr': 6e-05, 'params': 443434, 'time_iter': 0.32392, 'accuracy': 0.16463, 'ap': 0.19919, 'auc': 0.5774}
...computing epoch stats took: 0.03s
val: {'epoch': 2, 'time_epoch': 11.74886, 'loss': 0.55798445, 'lr': 0, 'params': 443434, 'time_iter': 0.08047, 'accuracy': 0.16482, 'ap': 0.21456, 'auc': 0.58036}
...computing epoch stats took: 0.02s
test: {'epoch': 2, 'time_epoch': 11.88393, 'loss': 0.55609814, 'lr': 0, 'params': 443434, 'time_iter': 0.0814, 'accuracy': 0.16465, 'ap': 0.21426, 'auc': 0.58718}
...computing epoch stats took: 0.02s
> Epoch 2: took 244.0s (avg 245.4s) | Best so far: epoch 2	train_loss: 2.0896 train_ap: 0.1992	val_loss: 0.5580 val_ap: 0.2146	test_loss: 0.5561 test_ap: 0.2143
-----------------------------------------------------------
train: {'epoch': 3, 'time_epoch': 220.31891, 'eta': 43328.48096, 'eta_hours': 12.03569, 'loss': 1.85703102, 'lr': 9e-05, 'params': 443434, 'time_iter': 0.324, 'accuracy': 0.16463, 'ap': 0.22082, 'auc': 0.59001}
val: {'epoch': 3, 'time_epoch': 11.76011, 'loss': 0.48324811, 'lr': 0, 'params': 443434, 'time_iter': 0.08055, 'accuracy': 0.16482, 'ap': 0.24522, 'auc': 0.59416}
test: {'epoch': 3, 'time_epoch': 11.88974, 'loss': 0.48245425, 'lr': 0, 'params': 443434, 'time_iter': 0.08144, 'accuracy': 0.16465, 'ap': 0.23712, 'auc': 0.59567}
> Epoch 3: took 244.1s (avg 245.1s) | Best so far: epoch 3	train_loss: 1.8570 train_ap: 0.2208	val_loss: 0.4832 val_ap: 0.2452	test_loss: 0.4825 test_ap: 0.2371
-----------------------------------------------------------
train: {'epoch': 4, 'time_epoch': 220.53401, 'eta': 43086.76035, 'eta_hours': 11.96854, 'loss': 1.68764055, 'lr': 0.00012, 'params': 443434, 'time_iter': 0.32431, 'accuracy': 0.16463, 'ap': 0.25468, 'auc': 0.61186}
val: {'epoch': 4, 'time_epoch': 11.77074, 'loss': 0.35082559, 'lr': 0, 'params': 443434, 'time_iter': 0.08062, 'accuracy': 0.16482, 'ap': 0.28635, 'auc': 0.61846}
test: {'epoch': 4, 'time_epoch': 11.9018, 'loss': 0.35097087, 'lr': 0, 'params': 443434, 'time_iter': 0.08152, 'accuracy': 0.16465, 'ap': 0.27978, 'auc': 0.62413}
> Epoch 4: took 244.3s (avg 244.9s) | Best so far: epoch 4	train_loss: 1.6876 train_ap: 0.2547	val_loss: 0.3508 val_ap: 0.2863	test_loss: 0.3510 test_ap: 0.2798
-----------------------------------------------------------
train: {'epoch': 5, 'time_epoch': 220.31411, 'eta': 42844.9917, 'eta_hours': 11.90139, 'loss': 1.59478372, 'lr': 0.00015, 'params': 443434, 'time_iter': 0.32399, 'accuracy': 0.16463, 'ap': 0.27768, 'auc': 0.65766}
val: {'epoch': 5, 'time_epoch': 11.75153, 'loss': 0.31303746, 'lr': 0, 'params': 443434, 'time_iter': 0.08049, 'accuracy': 0.16482, 'ap': 0.31659, 'auc': 0.70517}
test: {'epoch': 5, 'time_epoch': 11.88201, 'loss': 0.31128251, 'lr': 0, 'params': 443434, 'time_iter': 0.08138, 'accuracy': 0.16465, 'ap': 0.3134, 'auc': 0.71936}
> Epoch 5: took 244.0s (avg 244.8s) | Best so far: epoch 5	train_loss: 1.5948 train_ap: 0.2777	val_loss: 0.3130 val_ap: 0.3166	test_loss: 0.3113 test_ap: 0.3134
-----------------------------------------------------------
train: {'epoch': 6, 'time_epoch': 220.25602, 'eta': 42607.75126, 'eta_hours': 11.83549, 'loss': 1.56879391, 'lr': 0.00018, 'params': 443434, 'time_iter': 0.32391, 'accuracy': 0.16463, 'ap': 0.3034, 'auc': 0.70566}
val: {'epoch': 6, 'time_epoch': 11.74934, 'loss': 0.30122496, 'lr': 0, 'params': 443434, 'time_iter': 0.08047, 'accuracy': 0.16482, 'ap': 0.33335, 'auc': 0.72805}
test: {'epoch': 6, 'time_epoch': 11.88303, 'loss': 0.29905029, 'lr': 0, 'params': 443434, 'time_iter': 0.08139, 'accuracy': 0.16465, 'ap': 0.33627, 'auc': 0.74175}
> Epoch 6: took 244.0s (avg 244.7s) | Best so far: epoch 6	train_loss: 1.5688 train_ap: 0.3034	val_loss: 0.3012 val_ap: 0.3333	test_loss: 0.2991 test_ap: 0.3363
-----------------------------------------------------------
train: {'epoch': 7, 'time_epoch': 220.20587, 'eta': 42373.55328, 'eta_hours': 11.77043, 'loss': 1.55249765, 'lr': 0.00021, 'params': 443434, 'time_iter': 0.32383, 'accuracy': 0.16463, 'ap': 0.32911, 'auc': 0.73576}
val: {'epoch': 7, 'time_epoch': 11.74667, 'loss': 0.30665093, 'lr': 0, 'params': 443434, 'time_iter': 0.08046, 'accuracy': 0.16482, 'ap': 0.34521, 'auc': 0.73772}
test: {'epoch': 7, 'time_epoch': 11.88254, 'loss': 0.30408197, 'lr': 0, 'params': 443434, 'time_iter': 0.08139, 'accuracy': 0.16465, 'ap': 0.34681, 'auc': 0.74513}
> Epoch 7: took 243.9s (avg 244.6s) | Best so far: epoch 7	train_loss: 1.5525 train_ap: 0.3291	val_loss: 0.3067 val_ap: 0.3452	test_loss: 0.3041 test_ap: 0.3468
-----------------------------------------------------------
train: {'epoch': 8, 'time_epoch': 220.25805, 'eta': 42143.57219, 'eta_hours': 11.70655, 'loss': 1.53957473, 'lr': 0.00024, 'params': 443434, 'time_iter': 0.32391, 'accuracy': 0.16463, 'ap': 0.35376, 'auc': 0.76094}
val: {'epoch': 8, 'time_epoch': 11.75049, 'loss': 0.27893491, 'lr': 0, 'params': 443434, 'time_iter': 0.08048, 'accuracy': 0.16482, 'ap': 0.40316, 'auc': 0.78623}
test: {'epoch': 8, 'time_epoch': 11.88557, 'loss': 0.27919412, 'lr': 0, 'params': 443434, 'time_iter': 0.08141, 'accuracy': 0.16465, 'ap': 0.39211, 'auc': 0.78972}
> Epoch 8: took 244.0s (avg 244.5s) | Best so far: epoch 8	train_loss: 1.5396 train_ap: 0.3538	val_loss: 0.2789 val_ap: 0.4032	test_loss: 0.2792 test_ap: 0.3921
-----------------------------------------------------------
train: {'epoch': 9, 'time_epoch': 220.2564, 'eta': 41915.50428, 'eta_hours': 11.6432, 'loss': 1.52945539, 'lr': 0.00027, 'params': 443434, 'time_iter': 0.32391, 'accuracy': 0.16463, 'ap': 0.37373, 'auc': 0.77854}
val: {'epoch': 9, 'time_epoch': 11.75506, 'loss': 0.27435962, 'lr': 0, 'params': 443434, 'time_iter': 0.08051, 'accuracy': 0.16482, 'ap': 0.40123, 'auc': 0.79636}
test: {'epoch': 9, 'time_epoch': 11.88679, 'loss': 0.27806753, 'lr': 0, 'params': 443434, 'time_iter': 0.08142, 'accuracy': 0.16465, 'ap': 0.38891, 'auc': 0.79562}
> Epoch 9: took 244.0s (avg 244.4s) | Best so far: epoch 8	train_loss: 1.5396 train_ap: 0.3538	val_loss: 0.2789 val_ap: 0.4032	test_loss: 0.2792 test_ap: 0.3921
-----------------------------------------------------------
train: {'epoch': 10, 'time_epoch': 220.30766, 'eta': 41689.73741, 'eta_hours': 11.58048, 'loss': 1.52207341, 'lr': 0.0003, 'params': 443434, 'time_iter': 0.32398, 'accuracy': 0.16463, 'ap': 0.38155, 'auc': 0.7871}
val: {'epoch': 10, 'time_epoch': 11.74842, 'loss': 0.27085258, 'lr': 0, 'params': 443434, 'time_iter': 0.08047, 'accuracy': 0.16482, 'ap': 0.42899, 'auc': 0.81053}
test: {'epoch': 10, 'time_epoch': 11.88266, 'loss': 0.27313644, 'lr': 0, 'params': 443434, 'time_iter': 0.08139, 'accuracy': 0.16465, 'ap': 0.41318, 'auc': 0.80657}
> Epoch 10: took 244.0s (avg 244.4s) | Best so far: epoch 10	train_loss: 1.5221 train_ap: 0.3816	val_loss: 0.2709 val_ap: 0.4290	test_loss: 0.2731 test_ap: 0.4132
-----------------------------------------------------------
train: {'epoch': 11, 'time_epoch': 220.30929, 'eta': 41464.90587, 'eta_hours': 11.51803, 'loss': 1.51504775, 'lr': 0.00029998, 'params': 443434, 'time_iter': 0.32398, 'accuracy': 0.16463, 'ap': 0.39467, 'auc': 0.79506}
val: {'epoch': 11, 'time_epoch': 11.75477, 'loss': 0.26114067, 'lr': 0, 'params': 443434, 'time_iter': 0.08051, 'accuracy': 0.16482, 'ap': 0.43867, 'auc': 0.82063}
test: {'epoch': 11, 'time_epoch': 11.89036, 'loss': 0.26498157, 'lr': 0, 'params': 443434, 'time_iter': 0.08144, 'accuracy': 0.16465, 'ap': 0.4187, 'auc': 0.81271}
> Epoch 11: took 244.0s (avg 244.4s) | Best so far: epoch 11	train_loss: 1.5150 train_ap: 0.3947	val_loss: 0.2611 val_ap: 0.4387	test_loss: 0.2650 test_ap: 0.4187
-----------------------------------------------------------
train: {'epoch': 12, 'time_epoch': 230.88665, 'eta': 41392.92131, 'eta_hours': 11.49803, 'loss': 1.51035993, 'lr': 0.00029992, 'params': 443434, 'time_iter': 0.33954, 'accuracy': 0.16463, 'ap': 0.40228, 'auc': 0.80056}
val: {'epoch': 12, 'time_epoch': 11.83585, 'loss': 0.26489274, 'lr': 0, 'params': 443434, 'time_iter': 0.08107, 'accuracy': 0.16482, 'ap': 0.44483, 'auc': 0.81549}
test: {'epoch': 12, 'time_epoch': 11.87755, 'loss': 0.27002049, 'lr': 0, 'params': 443434, 'time_iter': 0.08135, 'accuracy': 0.16465, 'ap': 0.4231, 'auc': 0.81024}
> Epoch 12: took 254.7s (avg 245.2s) | Best so far: epoch 12	train_loss: 1.5104 train_ap: 0.4023	val_loss: 0.2649 val_ap: 0.4448	test_loss: 0.2700 test_ap: 0.4231
-----------------------------------------------------------
train: {'epoch': 13, 'time_epoch': 224.00106, 'eta': 41206.75657, 'eta_hours': 11.44632, 'loss': 1.50492685, 'lr': 0.00029982, 'params': 443434, 'time_iter': 0.32941, 'accuracy': 0.16463, 'ap': 0.41117, 'auc': 0.80464}
val: {'epoch': 13, 'time_epoch': 11.95116, 'loss': 0.252804, 'lr': 0, 'params': 443434, 'time_iter': 0.08186, 'accuracy': 0.16482, 'ap': 0.46709, 'auc': 0.82921}
test: {'epoch': 13, 'time_epoch': 11.8872, 'loss': 0.25569953, 'lr': 0, 'params': 443434, 'time_iter': 0.08142, 'accuracy': 0.16465, 'ap': 0.44844, 'auc': 0.8281}
> Epoch 13: took 248.0s (avg 245.4s) | Best so far: epoch 13	train_loss: 1.5049 train_ap: 0.4112	val_loss: 0.2528 val_ap: 0.4671	test_loss: 0.2557 test_ap: 0.4484
-----------------------------------------------------------
train: {'epoch': 14, 'time_epoch': 220.33217, 'eta': 40970.29731, 'eta_hours': 11.38064, 'loss': 1.50226005, 'lr': 0.00029967, 'params': 443434, 'time_iter': 0.32402, 'accuracy': 0.16463, 'ap': 0.41852, 'auc': 0.80886}
val: {'epoch': 14, 'time_epoch': 11.78238, 'loss': 0.25180837, 'lr': 0, 'params': 443434, 'time_iter': 0.0807, 'accuracy': 0.16482, 'ap': 0.46834, 'auc': 0.8332}
test: {'epoch': 14, 'time_epoch': 11.91218, 'loss': 0.25772229, 'lr': 0, 'params': 443434, 'time_iter': 0.08159, 'accuracy': 0.16465, 'ap': 0.4459, 'auc': 0.82282}
> Epoch 14: took 244.1s (avg 245.3s) | Best so far: epoch 14	train_loss: 1.5023 train_ap: 0.4185	val_loss: 0.2518 val_ap: 0.4683	test_loss: 0.2577 test_ap: 0.4459
-----------------------------------------------------------
train: {'epoch': 15, 'time_epoch': 220.44312, 'eta': 40737.12982, 'eta_hours': 11.31587, 'loss': 1.49839656, 'lr': 0.00029949, 'params': 443434, 'time_iter': 0.32418, 'accuracy': 0.16463, 'ap': 0.42263, 'auc': 0.81377}
val: {'epoch': 15, 'time_epoch': 11.75447, 'loss': 0.25202023, 'lr': 0, 'params': 443434, 'time_iter': 0.08051, 'accuracy': 0.16482, 'ap': 0.4645, 'auc': 0.83926}
test: {'epoch': 15, 'time_epoch': 11.88877, 'loss': 0.2549617, 'lr': 0, 'params': 443434, 'time_iter': 0.08143, 'accuracy': 0.16465, 'ap': 0.45458, 'auc': 0.83399}
> Epoch 15: took 244.2s (avg 245.2s) | Best so far: epoch 14	train_loss: 1.5023 train_ap: 0.4185	val_loss: 0.2518 val_ap: 0.4683	test_loss: 0.2577 test_ap: 0.4459
-----------------------------------------------------------
train: {'epoch': 16, 'time_epoch': 220.27761, 'eta': 40503.67769, 'eta_hours': 11.25102, 'loss': 1.49440343, 'lr': 0.00029926, 'params': 443434, 'time_iter': 0.32394, 'accuracy': 0.16463, 'ap': 0.42872, 'auc': 0.81839}
val: {'epoch': 16, 'time_epoch': 11.75267, 'loss': 0.24667647, 'lr': 0, 'params': 443434, 'time_iter': 0.0805, 'accuracy': 0.16482, 'ap': 0.47454, 'auc': 0.83759}
test: {'epoch': 16, 'time_epoch': 11.88685, 'loss': 0.25235087, 'lr': 0, 'params': 443434, 'time_iter': 0.08142, 'accuracy': 0.16465, 'ap': 0.45009, 'auc': 0.8339}
> Epoch 16: took 244.0s (avg 245.1s) | Best so far: epoch 16	train_loss: 1.4944 train_ap: 0.4287	val_loss: 0.2467 val_ap: 0.4745	test_loss: 0.2524 test_ap: 0.4501
-----------------------------------------------------------
train: {'epoch': 17, 'time_epoch': 220.47368, 'eta': 40273.67187, 'eta_hours': 11.18713, 'loss': 1.49154708, 'lr': 0.000299, 'params': 443434, 'time_iter': 0.32423, 'accuracy': 0.16463, 'ap': 0.4369, 'auc': 0.82366}
val: {'epoch': 17, 'time_epoch': 11.76402, 'loss': 0.242236, 'lr': 0, 'params': 443434, 'time_iter': 0.08058, 'accuracy': 0.16482, 'ap': 0.49168, 'auc': 0.84769}
test: {'epoch': 17, 'time_epoch': 11.89941, 'loss': 0.24902882, 'lr': 0, 'params': 443434, 'time_iter': 0.0815, 'accuracy': 0.16465, 'ap': 0.46811, 'auc': 0.84147}
> Epoch 17: took 244.2s (avg 245.1s) | Best so far: epoch 17	train_loss: 1.4915 train_ap: 0.4369	val_loss: 0.2422 val_ap: 0.4917	test_loss: 0.2490 test_ap: 0.4681
-----------------------------------------------------------
train: {'epoch': 18, 'time_epoch': 220.52485, 'eta': 40045.15691, 'eta_hours': 11.12365, 'loss': 1.48867848, 'lr': 0.00029869, 'params': 443434, 'time_iter': 0.3243, 'accuracy': 0.16463, 'ap': 0.43961, 'auc': 0.82371}
val: {'epoch': 18, 'time_epoch': 11.7634, 'loss': 0.25641104, 'lr': 0, 'params': 443434, 'time_iter': 0.08057, 'accuracy': 0.16482, 'ap': 0.47639, 'auc': 0.83825}
test: {'epoch': 18, 'time_epoch': 11.89952, 'loss': 0.26462283, 'lr': 0, 'params': 443434, 'time_iter': 0.0815, 'accuracy': 0.16465, 'ap': 0.45535, 'auc': 0.82821}
> Epoch 18: took 244.3s (avg 245.1s) | Best so far: epoch 17	train_loss: 1.4915 train_ap: 0.4369	val_loss: 0.2422 val_ap: 0.4917	test_loss: 0.2490 test_ap: 0.4681
-----------------------------------------------------------
train: {'epoch': 19, 'time_epoch': 220.43511, 'eta': 39816.6333, 'eta_hours': 11.06018, 'loss': 1.48707715, 'lr': 0.00029834, 'params': 443434, 'time_iter': 0.32417, 'accuracy': 0.16463, 'ap': 0.44914, 'auc': 0.82825}
val: {'epoch': 19, 'time_epoch': 11.75952, 'loss': 0.23952292, 'lr': 0, 'params': 443434, 'time_iter': 0.08054, 'accuracy': 0.16482, 'ap': 0.49767, 'auc': 0.84893}
test: {'epoch': 19, 'time_epoch': 11.89271, 'loss': 0.2471624, 'lr': 0, 'params': 443434, 'time_iter': 0.08146, 'accuracy': 0.16465, 'ap': 0.47046, 'auc': 0.84195}
> Epoch 19: took 244.2s (avg 245.0s) | Best so far: epoch 19	train_loss: 1.4871 train_ap: 0.4491	val_loss: 0.2395 val_ap: 0.4977	test_loss: 0.2472 test_ap: 0.4705
-----------------------------------------------------------
train: {'epoch': 20, 'time_epoch': 220.51178, 'eta': 39589.5335, 'eta_hours': 10.99709, 'loss': 1.48385907, 'lr': 0.00029795, 'params': 443434, 'time_iter': 0.32428, 'accuracy': 0.16463, 'ap': 0.45678, 'auc': 0.83261}
val: {'epoch': 20, 'time_epoch': 11.76129, 'loss': 0.25118986, 'lr': 0, 'params': 443434, 'time_iter': 0.08056, 'accuracy': 0.16482, 'ap': 0.50009, 'auc': 0.84618}
test: {'epoch': 20, 'time_epoch': 11.89441, 'loss': 0.25580689, 'lr': 0, 'params': 443434, 'time_iter': 0.08147, 'accuracy': 0.16465, 'ap': 0.47107, 'auc': 0.8368}
> Epoch 20: took 244.3s (avg 245.0s) | Best so far: epoch 20	train_loss: 1.4839 train_ap: 0.4568	val_loss: 0.2512 val_ap: 0.5001	test_loss: 0.2558 test_ap: 0.4711
-----------------------------------------------------------
train: {'epoch': 21, 'time_epoch': 220.55072, 'eta': 39363.34767, 'eta_hours': 10.93426, 'loss': 1.48068911, 'lr': 0.00029753, 'params': 443434, 'time_iter': 0.32434, 'accuracy': 0.16463, 'ap': 0.46106, 'auc': 0.83492}
val: {'epoch': 21, 'time_epoch': 11.76036, 'loss': 0.24052118, 'lr': 0, 'params': 443434, 'time_iter': 0.08055, 'accuracy': 0.16482, 'ap': 0.50333, 'auc': 0.85199}
test: {'epoch': 21, 'time_epoch': 11.89532, 'loss': 0.24743273, 'lr': 0, 'params': 443434, 'time_iter': 0.08147, 'accuracy': 0.16465, 'ap': 0.47512, 'auc': 0.84257}
> Epoch 21: took 244.3s (avg 244.9s) | Best so far: epoch 21	train_loss: 1.4807 train_ap: 0.4611	val_loss: 0.2405 val_ap: 0.5033	test_loss: 0.2474 test_ap: 0.4751
-----------------------------------------------------------
train: {'epoch': 22, 'time_epoch': 220.62348, 'eta': 39138.21185, 'eta_hours': 10.87173, 'loss': 1.48003669, 'lr': 0.00029706, 'params': 443434, 'time_iter': 0.32445, 'accuracy': 0.16463, 'ap': 0.46323, 'auc': 0.83602}
val: {'epoch': 22, 'time_epoch': 11.76257, 'loss': 0.24165182, 'lr': 0, 'params': 443434, 'time_iter': 0.08057, 'accuracy': 0.16482, 'ap': 0.51026, 'auc': 0.85548}
test: {'epoch': 22, 'time_epoch': 11.89618, 'loss': 0.2486136, 'lr': 0, 'params': 443434, 'time_iter': 0.08148, 'accuracy': 0.16465, 'ap': 0.47873, 'auc': 0.8505}
> Epoch 22: took 244.4s (avg 244.9s) | Best so far: epoch 22	train_loss: 1.4800 train_ap: 0.4632	val_loss: 0.2417 val_ap: 0.5103	test_loss: 0.2486 test_ap: 0.4787
-----------------------------------------------------------
train: {'epoch': 23, 'time_epoch': 220.59719, 'eta': 38913.25922, 'eta_hours': 10.80924, 'loss': 1.47662856, 'lr': 0.00029655, 'params': 443434, 'time_iter': 0.32441, 'accuracy': 0.16463, 'ap': 0.4729, 'auc': 0.8426}
val: {'epoch': 23, 'time_epoch': 11.75709, 'loss': 0.2373919, 'lr': 0, 'params': 443434, 'time_iter': 0.08053, 'accuracy': 0.16482, 'ap': 0.51642, 'auc': 0.85769}
test: {'epoch': 23, 'time_epoch': 11.89309, 'loss': 0.24601821, 'lr': 0, 'params': 443434, 'time_iter': 0.08146, 'accuracy': 0.16465, 'ap': 0.48805, 'auc': 0.84841}
> Epoch 23: took 244.3s (avg 244.9s) | Best so far: epoch 23	train_loss: 1.4766 train_ap: 0.4729	val_loss: 0.2374 val_ap: 0.5164	test_loss: 0.2460 test_ap: 0.4880
-----------------------------------------------------------
train: {'epoch': 24, 'time_epoch': 220.57607, 'eta': 38688.50723, 'eta_hours': 10.74681, 'loss': 1.47590955, 'lr': 0.000296, 'params': 443434, 'time_iter': 0.32438, 'accuracy': 0.16463, 'ap': 0.47362, 'auc': 0.84035}
val: {'epoch': 24, 'time_epoch': 11.76024, 'loss': 0.23707848, 'lr': 0, 'params': 443434, 'time_iter': 0.08055, 'accuracy': 0.16482, 'ap': 0.51605, 'auc': 0.85888}
test: {'epoch': 24, 'time_epoch': 11.89367, 'loss': 0.24359663, 'lr': 0, 'params': 443434, 'time_iter': 0.08146, 'accuracy': 0.16465, 'ap': 0.49231, 'auc': 0.85027}
> Epoch 24: took 244.3s (avg 244.9s) | Best so far: epoch 23	train_loss: 1.4766 train_ap: 0.4729	val_loss: 0.2374 val_ap: 0.5164	test_loss: 0.2460 test_ap: 0.4880
-----------------------------------------------------------
train: {'epoch': 25, 'time_epoch': 220.64269, 'eta': 38464.52227, 'eta_hours': 10.68459, 'loss': 1.47279984, 'lr': 0.00029541, 'params': 443434, 'time_iter': 0.32447, 'accuracy': 0.16463, 'ap': 0.48242, 'auc': 0.84285}
val: {'epoch': 25, 'time_epoch': 11.75859, 'loss': 0.23101034, 'lr': 0, 'params': 443434, 'time_iter': 0.08054, 'accuracy': 0.16482, 'ap': 0.52808, 'auc': 0.86388}
test: {'epoch': 25, 'time_epoch': 11.89257, 'loss': 0.24017112, 'lr': 0, 'params': 443434, 'time_iter': 0.08146, 'accuracy': 0.16465, 'ap': 0.50044, 'auc': 0.85269}
> Epoch 25: took 244.4s (avg 244.9s) | Best so far: epoch 25	train_loss: 1.4728 train_ap: 0.4824	val_loss: 0.2310 val_ap: 0.5281	test_loss: 0.2402 test_ap: 0.5004
-----------------------------------------------------------
train: {'epoch': 26, 'time_epoch': 220.55325, 'eta': 38240.21183, 'eta_hours': 10.62228, 'loss': 1.47172294, 'lr': 0.00029478, 'params': 443434, 'time_iter': 0.32434, 'accuracy': 0.16463, 'ap': 0.48552, 'auc': 0.84655}
val: {'epoch': 26, 'time_epoch': 11.76092, 'loss': 0.22834957, 'lr': 0, 'params': 443434, 'time_iter': 0.08055, 'accuracy': 0.16482, 'ap': 0.53251, 'auc': 0.86346}
test: {'epoch': 26, 'time_epoch': 11.89292, 'loss': 0.23687344, 'lr': 0, 'params': 443434, 'time_iter': 0.08146, 'accuracy': 0.16465, 'ap': 0.50336, 'auc': 0.85817}
> Epoch 26: took 244.3s (avg 244.8s) | Best so far: epoch 26	train_loss: 1.4717 train_ap: 0.4855	val_loss: 0.2283 val_ap: 0.5325	test_loss: 0.2369 test_ap: 0.5034
-----------------------------------------------------------
train: {'epoch': 27, 'time_epoch': 220.58153, 'eta': 38016.34349, 'eta_hours': 10.5601, 'loss': 1.46974412, 'lr': 0.00029411, 'params': 443434, 'time_iter': 0.32438, 'accuracy': 0.16463, 'ap': 0.49037, 'auc': 0.84587}
val: {'epoch': 27, 'time_epoch': 11.75958, 'loss': 0.23339071, 'lr': 0, 'params': 443434, 'time_iter': 0.08055, 'accuracy': 0.16482, 'ap': 0.52899, 'auc': 0.86068}
test: {'epoch': 27, 'time_epoch': 11.89452, 'loss': 0.24036379, 'lr': 0, 'params': 443434, 'time_iter': 0.08147, 'accuracy': 0.16465, 'ap': 0.50082, 'auc': 0.85223}
> Epoch 27: took 244.3s (avg 244.8s) | Best so far: epoch 26	train_loss: 1.4717 train_ap: 0.4855	val_loss: 0.2283 val_ap: 0.5325	test_loss: 0.2369 test_ap: 0.5034
-----------------------------------------------------------
train: {'epoch': 28, 'time_epoch': 220.61548, 'eta': 37792.90199, 'eta_hours': 10.49803, 'loss': 1.46879695, 'lr': 0.00029341, 'params': 443434, 'time_iter': 0.32443, 'accuracy': 0.16463, 'ap': 0.49314, 'auc': 0.85054}
val: {'epoch': 28, 'time_epoch': 11.76844, 'loss': 0.22975997, 'lr': 0, 'params': 443434, 'time_iter': 0.08061, 'accuracy': 0.16482, 'ap': 0.53069, 'auc': 0.866}
test: {'epoch': 28, 'time_epoch': 11.89967, 'loss': 0.23793565, 'lr': 0, 'params': 443434, 'time_iter': 0.0815, 'accuracy': 0.16465, 'ap': 0.5038, 'auc': 0.85572}
> Epoch 28: took 244.4s (avg 244.8s) | Best so far: epoch 26	train_loss: 1.4717 train_ap: 0.4855	val_loss: 0.2283 val_ap: 0.5325	test_loss: 0.2369 test_ap: 0.5034
-----------------------------------------------------------
train: {'epoch': 29, 'time_epoch': 220.73488, 'eta': 37570.32549, 'eta_hours': 10.4362, 'loss': 1.46860775, 'lr': 0.00029266, 'params': 443434, 'time_iter': 0.32461, 'accuracy': 0.16463, 'ap': 0.49458, 'auc': 0.84787}
val: {'epoch': 29, 'time_epoch': 11.758, 'loss': 0.23458308, 'lr': 0, 'params': 443434, 'time_iter': 0.08053, 'accuracy': 0.16482, 'ap': 0.52277, 'auc': 0.86011}
test: {'epoch': 29, 'time_epoch': 11.89179, 'loss': 0.23979975, 'lr': 0, 'params': 443434, 'time_iter': 0.08145, 'accuracy': 0.16465, 'ap': 0.50085, 'auc': 0.85493}
> Epoch 29: took 244.5s (avg 244.8s) | Best so far: epoch 26	train_loss: 1.4717 train_ap: 0.4855	val_loss: 0.2283 val_ap: 0.5325	test_loss: 0.2369 test_ap: 0.5034
-----------------------------------------------------------
train: {'epoch': 30, 'time_epoch': 220.53507, 'eta': 37346.77854, 'eta_hours': 10.37411, 'loss': 1.46696347, 'lr': 0.00029187, 'params': 443434, 'time_iter': 0.32432, 'accuracy': 0.16463, 'ap': 0.49577, 'auc': 0.85139}
val: {'epoch': 30, 'time_epoch': 11.75641, 'loss': 0.22721466, 'lr': 0, 'params': 443434, 'time_iter': 0.08052, 'accuracy': 0.16482, 'ap': 0.55667, 'auc': 0.86737}
test: {'epoch': 30, 'time_epoch': 11.89146, 'loss': 0.2372957, 'lr': 0, 'params': 443434, 'time_iter': 0.08145, 'accuracy': 0.16465, 'ap': 0.51816, 'auc': 0.85737}
> Epoch 30: took 244.3s (avg 244.8s) | Best so far: epoch 30	train_loss: 1.4670 train_ap: 0.4958	val_loss: 0.2272 val_ap: 0.5567	test_loss: 0.2373 test_ap: 0.5182
-----------------------------------------------------------
train: {'epoch': 31, 'time_epoch': 220.60621, 'eta': 37123.79332, 'eta_hours': 10.31216, 'loss': 1.46521044, 'lr': 0.00029105, 'params': 443434, 'time_iter': 0.32442, 'accuracy': 0.16463, 'ap': 0.50419, 'auc': 0.85353}
val: {'epoch': 31, 'time_epoch': 11.75834, 'loss': 0.22937603, 'lr': 0, 'params': 443434, 'time_iter': 0.08054, 'accuracy': 0.16482, 'ap': 0.54315, 'auc': 0.86459}
test: {'epoch': 31, 'time_epoch': 11.89256, 'loss': 0.23635287, 'lr': 0, 'params': 443434, 'time_iter': 0.08146, 'accuracy': 0.16465, 'ap': 0.51439, 'auc': 0.85804}
> Epoch 31: took 244.3s (avg 244.8s) | Best so far: epoch 30	train_loss: 1.4670 train_ap: 0.4958	val_loss: 0.2272 val_ap: 0.5567	test_loss: 0.2373 test_ap: 0.5182
-----------------------------------------------------------
train: {'epoch': 32, 'time_epoch': 220.55308, 'eta': 36900.68338, 'eta_hours': 10.25019, 'loss': 1.4618535, 'lr': 0.00029018, 'params': 443434, 'time_iter': 0.32434, 'accuracy': 0.16463, 'ap': 0.50953, 'auc': 0.85553}
val: {'epoch': 32, 'time_epoch': 11.75789, 'loss': 0.22819264, 'lr': 0, 'params': 443434, 'time_iter': 0.08053, 'accuracy': 0.16482, 'ap': 0.5419, 'auc': 0.86825}
test: {'epoch': 32, 'time_epoch': 11.89224, 'loss': 0.23704495, 'lr': 0, 'params': 443434, 'time_iter': 0.08145, 'accuracy': 0.16465, 'ap': 0.50962, 'auc': 0.85926}
> Epoch 32: took 244.3s (avg 244.7s) | Best so far: epoch 30	train_loss: 1.4670 train_ap: 0.4958	val_loss: 0.2272 val_ap: 0.5567	test_loss: 0.2373 test_ap: 0.5182
-----------------------------------------------------------
train: {'epoch': 33, 'time_epoch': 220.60621, 'eta': 36677.98325, 'eta_hours': 10.18833, 'loss': 1.46175756, 'lr': 0.00028928, 'params': 443434, 'time_iter': 0.32442, 'accuracy': 0.16463, 'ap': 0.50867, 'auc': 0.8566}
val: {'epoch': 33, 'time_epoch': 11.7579, 'loss': 0.22614991, 'lr': 0, 'params': 443434, 'time_iter': 0.08053, 'accuracy': 0.16482, 'ap': 0.5487, 'auc': 0.87452}
test: {'epoch': 33, 'time_epoch': 11.89288, 'loss': 0.23423155, 'lr': 0, 'params': 443434, 'time_iter': 0.08146, 'accuracy': 0.16465, 'ap': 0.51941, 'auc': 0.86496}
> Epoch 33: took 244.3s (avg 244.7s) | Best so far: epoch 30	train_loss: 1.4670 train_ap: 0.4958	val_loss: 0.2272 val_ap: 0.5567	test_loss: 0.2373 test_ap: 0.5182
-----------------------------------------------------------
train: {'epoch': 34, 'time_epoch': 220.61426, 'eta': 36455.44074, 'eta_hours': 10.12651, 'loss': 1.46038533, 'lr': 0.00028834, 'params': 443434, 'time_iter': 0.32443, 'accuracy': 0.16463, 'ap': 0.51524, 'auc': 0.85764}
val: {'epoch': 34, 'time_epoch': 11.75854, 'loss': 0.22304498, 'lr': 0, 'params': 443434, 'time_iter': 0.08054, 'accuracy': 0.16482, 'ap': 0.55813, 'auc': 0.87909}
test: {'epoch': 34, 'time_epoch': 11.8926, 'loss': 0.23068533, 'lr': 0, 'params': 443434, 'time_iter': 0.08146, 'accuracy': 0.16465, 'ap': 0.52477, 'auc': 0.86558}
> Epoch 34: took 244.4s (avg 244.7s) | Best so far: epoch 34	train_loss: 1.4604 train_ap: 0.5152	val_loss: 0.2230 val_ap: 0.5581	test_loss: 0.2307 test_ap: 0.5248
-----------------------------------------------------------
train: {'epoch': 35, 'time_epoch': 220.56258, 'eta': 36232.76991, 'eta_hours': 10.06466, 'loss': 1.4588462, 'lr': 0.00028737, 'params': 443434, 'time_iter': 0.32436, 'accuracy': 0.16463, 'ap': 0.51919, 'auc': 0.8593}
val: {'epoch': 35, 'time_epoch': 11.75791, 'loss': 0.22509324, 'lr': 0, 'params': 443434, 'time_iter': 0.08053, 'accuracy': 0.16482, 'ap': 0.56031, 'auc': 0.87139}
test: {'epoch': 35, 'time_epoch': 11.89142, 'loss': 0.23473664, 'lr': 0, 'params': 443434, 'time_iter': 0.08145, 'accuracy': 0.16465, 'ap': 0.52224, 'auc': 0.86415}
> Epoch 35: took 244.3s (avg 244.7s) | Best so far: epoch 35	train_loss: 1.4588 train_ap: 0.5192	val_loss: 0.2251 val_ap: 0.5603	test_loss: 0.2347 test_ap: 0.5222
-----------------------------------------------------------
train: {'epoch': 36, 'time_epoch': 220.68823, 'eta': 36010.76657, 'eta_hours': 10.00299, 'loss': 1.45752021, 'lr': 0.00028635, 'params': 443434, 'time_iter': 0.32454, 'accuracy': 0.16463, 'ap': 0.52216, 'auc': 0.86032}
val: {'epoch': 36, 'time_epoch': 11.75819, 'loss': 0.22441037, 'lr': 0, 'params': 443434, 'time_iter': 0.08054, 'accuracy': 0.16482, 'ap': 0.55825, 'auc': 0.87577}
test: {'epoch': 36, 'time_epoch': 11.89314, 'loss': 0.23163141, 'lr': 0, 'params': 443434, 'time_iter': 0.08146, 'accuracy': 0.16465, 'ap': 0.52383, 'auc': 0.87041}
> Epoch 36: took 244.4s (avg 244.7s) | Best so far: epoch 35	train_loss: 1.4588 train_ap: 0.5192	val_loss: 0.2251 val_ap: 0.5603	test_loss: 0.2347 test_ap: 0.5222
-----------------------------------------------------------
train: {'epoch': 37, 'time_epoch': 220.67119, 'eta': 35788.7598, 'eta_hours': 9.94132, 'loss': 1.45758218, 'lr': 0.0002853, 'params': 443434, 'time_iter': 0.32452, 'accuracy': 0.16463, 'ap': 0.5225, 'auc': 0.86113}
val: {'epoch': 37, 'time_epoch': 11.75941, 'loss': 0.22239162, 'lr': 0, 'params': 443434, 'time_iter': 0.08054, 'accuracy': 0.16482, 'ap': 0.55652, 'auc': 0.87585}
test: {'epoch': 37, 'time_epoch': 11.89072, 'loss': 0.23132289, 'lr': 0, 'params': 443434, 'time_iter': 0.08144, 'accuracy': 0.16465, 'ap': 0.52835, 'auc': 0.86812}
> Epoch 37: took 244.4s (avg 244.7s) | Best so far: epoch 35	train_loss: 1.4588 train_ap: 0.5192	val_loss: 0.2251 val_ap: 0.5603	test_loss: 0.2347 test_ap: 0.5222
-----------------------------------------------------------
train: {'epoch': 38, 'time_epoch': 221.23693, 'eta': 35569.15702, 'eta_hours': 9.88032, 'loss': 1.45522676, 'lr': 0.00028421, 'params': 443434, 'time_iter': 0.32535, 'accuracy': 0.16463, 'ap': 0.52311, 'auc': 0.8636}
val: {'epoch': 38, 'time_epoch': 11.76149, 'loss': 0.22409256, 'lr': 0, 'params': 443434, 'time_iter': 0.08056, 'accuracy': 0.16482, 'ap': 0.55912, 'auc': 0.87358}
test: {'epoch': 38, 'time_epoch': 11.90113, 'loss': 0.23449153, 'lr': 0, 'params': 443434, 'time_iter': 0.08151, 'accuracy': 0.16465, 'ap': 0.52586, 'auc': 0.86172}
> Epoch 38: took 245.0s (avg 244.7s) | Best so far: epoch 35	train_loss: 1.4588 train_ap: 0.5192	val_loss: 0.2251 val_ap: 0.5603	test_loss: 0.2347 test_ap: 0.5222
-----------------------------------------------------------
train: {'epoch': 39, 'time_epoch': 220.67185, 'eta': 35347.21223, 'eta_hours': 9.81867, 'loss': 1.45477916, 'lr': 0.00028308, 'params': 443434, 'time_iter': 0.32452, 'accuracy': 0.16463, 'ap': 0.52727, 'auc': 0.86478}
val: {'epoch': 39, 'time_epoch': 11.75827, 'loss': 0.22221693, 'lr': 0, 'params': 443434, 'time_iter': 0.08054, 'accuracy': 0.16482, 'ap': 0.55856, 'auc': 0.87719}
test: {'epoch': 39, 'time_epoch': 11.91053, 'loss': 0.23063002, 'lr': 0, 'params': 443434, 'time_iter': 0.08158, 'accuracy': 0.16465, 'ap': 0.53142, 'auc': 0.86861}
> Epoch 39: took 244.4s (avg 244.7s) | Best so far: epoch 35	train_loss: 1.4588 train_ap: 0.5192	val_loss: 0.2251 val_ap: 0.5603	test_loss: 0.2347 test_ap: 0.5222
-----------------------------------------------------------
train: {'epoch': 40, 'time_epoch': 220.51496, 'eta': 35124.7211, 'eta_hours': 9.75687, 'loss': 1.45189556, 'lr': 0.00028192, 'params': 443434, 'time_iter': 0.32429, 'accuracy': 0.16463, 'ap': 0.53789, 'auc': 0.86806}
val: {'epoch': 40, 'time_epoch': 11.75755, 'loss': 0.23163698, 'lr': 0, 'params': 443434, 'time_iter': 0.08053, 'accuracy': 0.16482, 'ap': 0.54824, 'auc': 0.87016}
test: {'epoch': 40, 'time_epoch': 11.89173, 'loss': 0.2379691, 'lr': 0, 'params': 443434, 'time_iter': 0.08145, 'accuracy': 0.16465, 'ap': 0.52583, 'auc': 0.86421}
> Epoch 40: took 244.3s (avg 244.7s) | Best so far: epoch 35	train_loss: 1.4588 train_ap: 0.5192	val_loss: 0.2251 val_ap: 0.5603	test_loss: 0.2347 test_ap: 0.5222
-----------------------------------------------------------
train: {'epoch': 41, 'time_epoch': 220.43511, 'eta': 34902.02367, 'eta_hours': 9.69501, 'loss': 1.45120942, 'lr': 0.00028072, 'params': 443434, 'time_iter': 0.32417, 'accuracy': 0.16463, 'ap': 0.5396, 'auc': 0.87035}
val: {'epoch': 41, 'time_epoch': 11.75247, 'loss': 0.21634127, 'lr': 0, 'params': 443434, 'time_iter': 0.0805, 'accuracy': 0.16482, 'ap': 0.57884, 'auc': 0.88069}
test: {'epoch': 41, 'time_epoch': 11.88826, 'loss': 0.22902269, 'lr': 0, 'params': 443434, 'time_iter': 0.08143, 'accuracy': 0.16465, 'ap': 0.54259, 'auc': 0.86875}
> Epoch 41: took 244.2s (avg 244.7s) | Best so far: epoch 41	train_loss: 1.4512 train_ap: 0.5396	val_loss: 0.2163 val_ap: 0.5788	test_loss: 0.2290 test_ap: 0.5426
-----------------------------------------------------------
train: {'epoch': 42, 'time_epoch': 220.56122, 'eta': 34679.89191, 'eta_hours': 9.6333, 'loss': 1.45169123, 'lr': 0.00027949, 'params': 443434, 'time_iter': 0.32435, 'accuracy': 0.16463, 'ap': 0.53583, 'auc': 0.86859}
val: {'epoch': 42, 'time_epoch': 11.76947, 'loss': 0.22114934, 'lr': 0, 'params': 443434, 'time_iter': 0.08061, 'accuracy': 0.16482, 'ap': 0.56855, 'auc': 0.87974}
test: {'epoch': 42, 'time_epoch': 11.89444, 'loss': 0.23041917, 'lr': 0, 'params': 443434, 'time_iter': 0.08147, 'accuracy': 0.16465, 'ap': 0.53193, 'auc': 0.86978}
> Epoch 42: took 244.3s (avg 244.7s) | Best so far: epoch 41	train_loss: 1.4512 train_ap: 0.5396	val_loss: 0.2163 val_ap: 0.5788	test_loss: 0.2290 test_ap: 0.5426
-----------------------------------------------------------
train: {'epoch': 43, 'time_epoch': 220.49826, 'eta': 34457.60833, 'eta_hours': 9.57156, 'loss': 1.45082476, 'lr': 0.00027822, 'params': 443434, 'time_iter': 0.32426, 'accuracy': 0.16463, 'ap': 0.54107, 'auc': 0.86923}
val: {'epoch': 43, 'time_epoch': 11.76817, 'loss': 0.21812375, 'lr': 0, 'params': 443434, 'time_iter': 0.0806, 'accuracy': 0.16482, 'ap': 0.57642, 'auc': 0.88169}
test: {'epoch': 43, 'time_epoch': 11.92027, 'loss': 0.22450501, 'lr': 0, 'params': 443434, 'time_iter': 0.08165, 'accuracy': 0.16465, 'ap': 0.55117, 'auc': 0.87622}
> Epoch 43: took 244.3s (avg 244.7s) | Best so far: epoch 41	train_loss: 1.4512 train_ap: 0.5396	val_loss: 0.2163 val_ap: 0.5788	test_loss: 0.2290 test_ap: 0.5426
-----------------------------------------------------------
train: {'epoch': 44, 'time_epoch': 225.87615, 'eta': 34253.92794, 'eta_hours': 9.51498, 'loss': 1.44706756, 'lr': 0.00027691, 'params': 443434, 'time_iter': 0.33217, 'accuracy': 0.16463, 'ap': 0.55104, 'auc': 0.87435}
val: {'epoch': 44, 'time_epoch': 11.95755, 'loss': 0.22081756, 'lr': 0, 'params': 443434, 'time_iter': 0.0819, 'accuracy': 0.16482, 'ap': 0.56793, 'auc': 0.8747}
test: {'epoch': 44, 'time_epoch': 11.88951, 'loss': 0.23193852, 'lr': 0, 'params': 443434, 'time_iter': 0.08143, 'accuracy': 0.16465, 'ap': 0.53191, 'auc': 0.86528}
> Epoch 44: took 249.8s (avg 244.8s) | Best so far: epoch 41	train_loss: 1.4512 train_ap: 0.5396	val_loss: 0.2163 val_ap: 0.5788	test_loss: 0.2290 test_ap: 0.5426
-----------------------------------------------------------
train: {'epoch': 45, 'time_epoch': 220.39604, 'eta': 34030.93605, 'eta_hours': 9.45304, 'loss': 1.4464987, 'lr': 0.00027557, 'params': 443434, 'time_iter': 0.32411, 'accuracy': 0.16463, 'ap': 0.55163, 'auc': 0.87297}
val: {'epoch': 45, 'time_epoch': 11.73084, 'loss': 0.21829485, 'lr': 0, 'params': 443434, 'time_iter': 0.08035, 'accuracy': 0.16482, 'ap': 0.57456, 'auc': 0.87871}
test: {'epoch': 45, 'time_epoch': 11.86519, 'loss': 0.22772849, 'lr': 0, 'params': 443434, 'time_iter': 0.08127, 'accuracy': 0.16465, 'ap': 0.54702, 'auc': 0.86701}
> Epoch 45: took 244.1s (avg 244.8s) | Best so far: epoch 41	train_loss: 1.4512 train_ap: 0.5396	val_loss: 0.2163 val_ap: 0.5788	test_loss: 0.2290 test_ap: 0.5426
-----------------------------------------------------------
train: {'epoch': 46, 'time_epoch': 219.83083, 'eta': 33806.21468, 'eta_hours': 9.39062, 'loss': 1.44574908, 'lr': 0.0002742, 'params': 443434, 'time_iter': 0.32328, 'accuracy': 0.16463, 'ap': 0.55071, 'auc': 0.87415}
val: {'epoch': 46, 'time_epoch': 11.75974, 'loss': 0.22282355, 'lr': 0, 'params': 443434, 'time_iter': 0.08055, 'accuracy': 0.16482, 'ap': 0.57245, 'auc': 0.88027}
test: {'epoch': 46, 'time_epoch': 11.89514, 'loss': 0.23086715, 'lr': 0, 'params': 443434, 'time_iter': 0.08147, 'accuracy': 0.16465, 'ap': 0.54626, 'auc': 0.87226}
> Epoch 46: took 243.6s (avg 244.7s) | Best so far: epoch 41	train_loss: 1.4512 train_ap: 0.5396	val_loss: 0.2163 val_ap: 0.5788	test_loss: 0.2290 test_ap: 0.5426
-----------------------------------------------------------
train: {'epoch': 47, 'time_epoch': 220.0012, 'eta': 33582.23658, 'eta_hours': 9.3284, 'loss': 1.44361683, 'lr': 0.00027279, 'params': 443434, 'time_iter': 0.32353, 'accuracy': 0.16463, 'ap': 0.55091, 'auc': 0.87421}
val: {'epoch': 47, 'time_epoch': 11.7628, 'loss': 0.22539102, 'lr': 0, 'params': 443434, 'time_iter': 0.08057, 'accuracy': 0.16482, 'ap': 0.55992, 'auc': 0.87782}
test: {'epoch': 47, 'time_epoch': 11.8967, 'loss': 0.23350652, 'lr': 0, 'params': 443434, 'time_iter': 0.08148, 'accuracy': 0.16465, 'ap': 0.53331, 'auc': 0.86941}
> Epoch 47: took 243.7s (avg 244.7s) | Best so far: epoch 41	train_loss: 1.4512 train_ap: 0.5396	val_loss: 0.2163 val_ap: 0.5788	test_loss: 0.2290 test_ap: 0.5426
-----------------------------------------------------------
